page,title,company,location,date,posisi,pelamar,rasio
"21","IINTERNSHIP 2026 - PT Pertamina (Persero) - Fungsi Manajemen Risiko (Risk Culture & Performance)","PT Pertamina (Persero) - Fungsi Manajemen Risiko (Risk Culture & Performance) Internship PT Pertamina (Persero)","Kota Administrasi Jakarta Pusat Oil","07/01/2026 - 07/05/2026","1","2","2"
"22","IINTERNSHIP 2026 - PT Pertamina (Persero) - Fungsi HSSE (Security Policy, Standard & RM)","PT Pertamina (Persero) - Fungsi HSSE (Security Policy, Standard & RM) Internship PT Pertamina (Persero)","Kota Administrasi Jakarta Selatan Oil","07/01/2026 - 07/05/2026","1","2","2"
"23","IINTERNSHIP 2026 - PT Pertamina (Persero) - Fungsi Technology Innovation and Implementation (DNRE TCI)","PT Pertamina (Persero) - Fungsi Technology Innovation and Implementation (DNRE TCI) Internship PT Pertamina (Persero)","Kota Administrasi Jakarta Barat Oil","07/01/2026 - 07/05/2026","1","2","2"
"25","IINTERNSHIP 2026 - PT Pertamina (Persero) - Fungsi HSSE (HSSE Program - Security)","PT Pertamina (Persero) - Fungsi HSSE (HSSE Program - Security) Internship PT Pertamina (Persero)","Kota Administrasi Jakarta Selatan Oil","07/01/2026 - 07/05/2026","1","3","3"
"26","IINTERNSHIP 2026 - PT Pertamina (Persero) - Fungsi Shared Services HC (Payroll Services)","PT Pertamina (Persero) - Fungsi Shared Services HC (Payroll Services) Internship PT Pertamina (Persero)","Kota Administrasi Jakarta Selatan Oil","07/01/2026 - 07/05/2026","1","3","3"
"19","IINTERNSHIP 2026 - PT Pertamina (Persero) - Fungsi SDM (Knowledge & HC Research Management)","PT Pertamina (Persero) - Fungsi SDM (Knowledge & HC Research Management) Internship PT Pertamina (Persero)","Kota Administrasi Jakarta Selatan Oil","07/01/2026 - 07/05/2026","3","11","3.67"
"28","IINTERNSHIP 2026 - PT Pertamina (Persero) - Fungsi SDM (Human Capital Business Partner III)","PT Pertamina (Persero) - Fungsi SDM (Human Capital Business Partner III) Internship PT Pertamina (Persero)","Kota Administrasi Jakarta Selatan Oil","07/01/2026 - 07/05/2026","3","11","3.67"
"19","IINTERNSHIP 2026 - PT Pertamina (Persero) - Fungsi Manajemen Risiko (PNRE & Portfolio Co Risk Management)","PT Pertamina (Persero) - Fungsi Manajemen Risiko (PNRE & Portfolio Co Risk Management) Internship PT Pertamina (Persero)","Kota Administrasi Jakarta Selatan Oil","07/01/2026 - 07/05/2026","1","4","4"
"22","IINTERNSHIP 2026 - PT Pertamina (Persero) - Fungsi Procurement (Procurement System & Catalog)","PT Pertamina (Persero) - Fungsi Procurement (Procurement System & Catalog) Internship PT Pertamina (Persero)","Kota Administrasi Jakarta Selatan Oil","07/01/2026 - 07/05/2026","2","8","4"
"22","IINTERNSHIP 2026 - PT Pertamina (Persero) - Fungsi Internal Audit (Audit Policy, Plan.& QA)","PT Pertamina (Persero) - Fungsi Internal Audit (Audit Policy, Plan.& QA) Internship PT Pertamina (Persero)","Kota Administrasi Jakarta Pusat Oil","07/01/2026 - 07/05/2026","1","4","4"
"24","IINTERNSHIP 2026 - PT Pertamina (Persero) - Fungsi Shared Services Project (PMO)","PT Pertamina (Persero) - Fungsi Shared Services Project (PMO) Internship PT Pertamina (Persero)","Kota Administrasi Jakarta Selatan Oil","07/01/2026 - 07/05/2026","2","8","4"
"25","IINTERNSHIP 2026 - PT Pertamina (Persero) - Fungsi Manajemen Risiko (Integrated Risk Reporting)","PT Pertamina (Persero) - Fungsi Manajemen Risiko (Integrated Risk Reporting) Internship PT Pertamina (Persero)","Kota Administrasi Jakarta Selatan Oil","07/01/2026 - 07/05/2026","1","4","4"
"26","IINTERNSHIP 2026 - PT Pertamina (Persero) - Fungsi Shared Services Project (BPD Procurement)","PT Pertamina (Persero) - Fungsi Shared Services Project (BPD Procurement) Internship PT Pertamina (Persero)","Kota Administrasi Jakarta Selatan Oil","07/01/2026 - 07/05/2026","2","8","4"
"29","IINTERNSHIP 2026 - PT Pertamina (Persero) - Fungsi Shared Services (SS ICT)","PT Pertamina (Persero) - Fungsi Shared Services (SS ICT) Internship PT Pertamina (Persero)","Kota Administrasi Jakarta Selatan Oil","07/01/2026 - 07/05/2026","1","4","4"
"13","IINTERNSHIP 2026 - PT Pertamina Patra Niaga - Maritime Asset Holder & Strategy","PT Pertamina Patra Niaga - Maritime Asset Holder & Strategy Internship PT Pertamina Patra Niaga","Kota Administrasi Jakarta Pusat Oil","07/01/2026 - 07/05/2026","2","9","4.5"
"25","IINTERNSHIP 2026 - PT Pertamina (Persero) - Fungsi Shared Services Project (BPD Finance)","PT Pertamina (Persero) - Fungsi Shared Services Project (BPD Finance) Internship PT Pertamina (Persero)","Kota Administrasi Jakarta Selatan Oil","07/01/2026 - 07/05/2026","2","9","4.5"
"28","IINTERNSHIP 2026 - PT Pertamina (Persero) - Fungsi Shared Services HC (Workforce Services)","PT Pertamina (Persero) - Fungsi Shared Services HC (Workforce Services) Internship PT Pertamina (Persero)","Kota Administrasi Jakarta Selatan Oil","07/01/2026 - 07/05/2026","2","9","4.5"
"23","IINTERNSHIP 2026 - PT Pertamina (Persero) - Fungsi SDM (Digital Learning Infrastructure)","PT Pertamina (Persero) - Fungsi SDM (Digital Learning Infrastructure) Internship PT Pertamina (Persero)","Kota Administrasi Jakarta Selatan Oil","07/01/2026 - 07/05/2026","3","14","4.67"
"20","IINTERNSHIP 2026 - PT Pertamina (Persero) - Fungsi Manajemen Risiko (Risk Profiling & Monitoring)","PT Pertamina (Persero) - Fungsi Manajemen Risiko (Risk Profiling & Monitoring) Internship PT Pertamina (Persero)","Kota Administrasi Jakarta Selatan Oil","07/01/2026 - 07/05/2026","2","10","5"
"20","IINTERNSHIP 2026 - PT Pertamina (Persero) - Fungsi SDM (Quality Management System)","PT Pertamina (Persero) - Fungsi SDM (Quality Management System) Internship PT Pertamina (Persero)","Kota Administrasi Jakarta Selatan Oil","07/01/2026 - 07/05/2026","2","11","5.5"
"19","IINTERNSHIP 2026 - PT Pertamina (Persero) - Fungsi Procurement (Category Management I, II, III)","PT Pertamina (Persero) - Fungsi Procurement (Category Management I, II, III) Internship PT Pertamina (Persero)","Kota Administrasi Jakarta Selatan Oil","07/01/2026 - 07/05/2026","3","17","5.67"
"13","IINTERNSHIP 2026 - PT Pertamina Patra Niaga - Treasury","PT Pertamina Patra Niaga - Treasury Internship PT Pertamina Patra Niaga","Kota Administrasi Jakarta Pusat Oil","07/01/2026 - 07/05/2026","2","12","6"
"19","IINTERNSHIP 2026 - PT Pertamina (Persero) - Fungsi Shared Services (SS Procurement)","PT Pertamina (Persero) - Fungsi Shared Services (SS Procurement) Internship PT Pertamina (Persero)","Kota Administrasi Jakarta Selatan Oil","07/01/2026 - 07/05/2026","1","6","6"
"20","IINTERNSHIP 2026 - PT Pertamina (Persero) - Fungsi Shared Services (Service Performance & Governance)","PT Pertamina (Persero) - Fungsi Shared Services (Service Performance & Governance) Internship PT Pertamina (Persero)","Kota Administrasi Jakarta Selatan Oil","07/01/2026 - 07/05/2026","1","6","6"
"22","IINTERNSHIP 2026 - PT Pertamina (Persero) - Fungsi SDM (Human Capital Business Partner II)","PT Pertamina (Persero) - Fungsi SDM (Human Capital Business Partner II) Internship PT Pertamina (Persero)","Kota Administrasi Jakarta Selatan Oil","07/01/2026 - 07/05/2026","3","18","6"
"23","IINTERNSHIP 2026 - PT Pertamina (Persero) - Fungsi Technology Innovation and Implementation (Strategy Management)","PT Pertamina (Persero) - Fungsi Technology Innovation and Implementation (Strategy Management) Internship PT Pertamina (Persero)","Kota Administrasi Jakarta Barat Oil","07/01/2026 - 07/05/2026","2","12","6"
"24","IINTERNSHIP 2026 - PT Pertamina (Persero) - Fungsi Keuangan (Grant Management)","PT Pertamina (Persero) - Fungsi Keuangan (Grant Management) Internship PT Pertamina (Persero)","Kota Administrasi Jakarta Pusat Oil","07/01/2026 - 07/05/2026","1","6","6"
"26","IINTERNSHIP 2026 - PT Pertamina (Persero) - Fungsi SDM (Maritime Training Center)","PT Pertamina (Persero) - Fungsi SDM (Maritime Training Center) Internship PT Pertamina (Persero)","Kota Administrasi Jakarta Timur Oil","07/01/2026 - 07/05/2026","1","6","6"
"27","IINTERNSHIP 2026 - PT Pertamina (Persero) - Fungsi Manajemen Risiko (Counterparty Risk)","PT Pertamina (Persero) - Fungsi Manajemen Risiko (Counterparty Risk) Internship PT Pertamina (Persero)","Kota Administrasi Jakarta Selatan Oil","07/01/2026 - 07/05/2026","1","6","6"
"27","IINTERNSHIP 2026 - PT Pertamina (Persero) - Fungsi Logistik & Infrastruktur (Local Content Upstream & Corporate)","PT Pertamina (Persero) - Fungsi Logistik & Infrastruktur (Local Content Upstream & Corporate) Internship PT Pertamina (Persero)","Kota Administrasi Jakarta Pusat Oil","07/01/2026 - 07/05/2026","1","6","6"
"29","IINTERNSHIP 2026 - PT Pertamina (Persero) - Fungsi Shared Services Project (BPD HC)","PT Pertamina (Persero) - Fungsi Shared Services Project (BPD HC) Internship PT Pertamina (Persero)","Kota Administrasi Jakarta Selatan Oil","07/01/2026 - 07/05/2026","1","6","6"
"30","IINTERNSHIP 2026 - PT Pertamina (Persero) - Fungsi HSSE (HSSE Portfolio & New Business - ERCM)","PT Pertamina (Persero) - Fungsi HSSE (HSSE Portfolio & New Business - ERCM) Internship PT Pertamina (Persero)","Kota Administrasi Jakarta Selatan Oil","07/01/2026 - 07/05/2026","2","12","6"
"31","IINTERNSHIP 2026 - PT Patra Jasa - Property Management","PT Patra Jasa - Property Management Internship PT Patra Jasa","Kota Administrasi Jakarta Selatan","07/01/2026 - 07/05/2026","1","6","6"
"18","IINTERNSHIP 2026 - PT Pertamina (Persero) - Fungsi SDM (Employee Services)","PT Pertamina (Persero) - Fungsi SDM (Employee Services) Internship PT Pertamina (Persero)","Kota Administrasi Jakarta Selatan Oil","07/01/2026 - 07/05/2026","2","13","6.5"
"30","IINTERNSHIP 2026 - PT Pertamina (Persero) - Fungsi Manajemen Risiko (Emerging Risk Management)","PT Pertamina (Persero) - Fungsi Manajemen Risiko (Emerging Risk Management) Internship PT Pertamina (Persero)","Kota Administrasi Jakarta Selatan Oil","07/01/2026 - 07/05/2026","2","13","6.5"
"21","IINTERNSHIP 2026 - PT Pertamina (Persero) - Fungsi SDM (Talent Strategy)","PT Pertamina (Persero) - Fungsi SDM (Talent Strategy) Internship PT Pertamina (Persero)","Kota Administrasi Jakarta Selatan Oil","07/01/2026 - 07/05/2026","3","20","6.67"
"21","IINTERNSHIP 2026 - PT Pertamina (Persero) - Fungsi SPPU (Business Development International Market)","PT Pertamina (Persero) - Fungsi SPPU (Business Development International Market) Internship PT Pertamina (Persero)","Kota Administrasi Jakarta Pusat Oil","07/01/2026 - 07/05/2026","3","20","6.67"
"13","IINTERNSHIP 2026 - PT Pertamina Gas - Fungsi Infrastructure Management (Operation, Performance & Budget.)","PT Pertamina Gas - Fungsi Infrastructure Management (Operation, Performance & Budget.) Internship PT Pertamina Gas","Kota Administrasi Jakarta Pusat Oil","07/01/2026 - 07/05/2026","1","7","7"
"16","IINTERNSHIP 2026 - PT Pertamina (Persero) - Fungsi Manajemen Risiko (Policy & Business Process Alignment)","PT Pertamina (Persero) - Fungsi Manajemen Risiko (Policy & Business Process Alignment) Internship PT Pertamina (Persero)","Kota Administrasi Jakarta Pusat Oil","07/01/2026 - 07/05/2026","1","7","7"
"16","IINTERNSHIP 2026 - PT Pertamina (Persero) - Fungsi SDM (Change Management)","PT Pertamina (Persero) - Fungsi SDM (Change Management) Internship PT Pertamina (Persero)","Kota Administrasi Jakarta Pusat Oil","07/01/2026 - 07/05/2026","4","28","7"
"17","IINTERNSHIP 2026 - PT Pertamina (Persero) - Fungsi Internal Audit (Digital Forensic & Surveillance)","PT Pertamina (Persero) - Fungsi Internal Audit (Digital Forensic & Surveillance) Internship PT Pertamina (Persero)","Kota Administrasi Jakarta Pusat Oil","07/01/2026 - 07/05/2026","1","7","7"
"20","IINTERNSHIP 2026 - PT Pertamina (Persero) - Fungsi Logistik & Infrastruktur (Integrated Quantity Assurance Upstream)","PT Pertamina (Persero) - Fungsi Logistik & Infrastruktur (Integrated Quantity Assurance Upstream) Internship PT Pertamina (Persero)","Kota Administrasi Jakarta Selatan Oil","07/01/2026 - 07/05/2026","1","7","7"
"22","IINTERNSHIP 2026 - PT Pertamina (Persero) - Fungsi Manajemen Risiko (Internal Control Testing)","PT Pertamina (Persero) - Fungsi Manajemen Risiko (Internal Control Testing) Internship PT Pertamina (Persero)","Kota Administrasi Jakarta Selatan Oil","07/01/2026 - 07/05/2026","1","7","7"
"23","IINTERNSHIP 2026 - PT Pertamina (Persero) - Fungsi Technology Innovation and Implementation (Geothermal Research)","PT Pertamina (Persero) - Fungsi Technology Innovation and Implementation (Geothermal Research) Internship PT Pertamina (Persero)","Kota Administrasi Jakarta Barat Oil","07/01/2026 - 07/05/2026","1","7","7"
"24","IINTERNSHIP 2026 - PT Pertamina (Persero) - Fungsi Technology Innovation and Implementation (Power Development & Storage Management Research)","PT Pertamina (Persero) - Fungsi Technology Innovation and Implementation (Power Development & Storage Management Research) Internship PT Pertamina (Persero)","Kota Administrasi Jakarta Barat Oil","07/01/2026 - 07/05/2026","2","14","7"
"27","IINTERNSHIP 2026 - PT Pertamina (Persero) - Fungsi Transformasi Keberlanjutan Bisnis (Stakeholder Advocacy)","PT Pertamina (Persero) - Fungsi Transformasi Keberlanjutan Bisnis (Stakeholder Advocacy) Internship PT Pertamina (Persero)","Kota Administrasi Jakarta Pusat Oil","07/01/2026 - 07/05/2026","1","7","7"
"29","IINTERNSHIP 2026 - PT Pertamina (Persero) - Fungsi Logistik & Infrastruktur (Integrated Quantity Assurance Downstream)","PT Pertamina (Persero) - Fungsi Logistik & Infrastruktur (Integrated Quantity Assurance Downstream) Internship PT Pertamina (Persero)","Kota Administrasi Jakarta Selatan Oil","07/01/2026 - 07/05/2026","1","7","7"
"19","IINTERNSHIP 2026 - PT Pertamina (Persero) - Fungsi Procurement (Logistic)","PT Pertamina (Persero) - Fungsi Procurement (Logistic) Internship PT Pertamina (Persero)","Kota Administrasi Jakarta Selatan Oil","07/01/2026 - 07/05/2026","2","15","7.5"
"27","IINTERNSHIP 2026 - PT Pertamina (Persero) - Fungsi SDM (Certification & Formal Education)","PT Pertamina (Persero) - Fungsi SDM (Certification & Formal Education) Internship PT Pertamina (Persero)","Kota Administrasi Jakarta Selatan Oil","07/01/2026 - 07/05/2026","2","15","7.5"
"16","IINTERNSHIP 2026 - PT Pertamina (Persero) - Fungsi SDM (Enterprise Culture & Engagement)","PT Pertamina (Persero) - Fungsi SDM (Enterprise Culture & Engagement) Internship PT Pertamina (Persero)","Kota Administrasi Jakarta Selatan Oil","07/01/2026 - 07/05/2026","3","23","7.67"
"28","IINTERNSHIP 2026 - PT Pertamina (Persero) - Fungsi SDM (Manpower Planning & Recruitment)","PT Pertamina (Persero) - Fungsi SDM (Manpower Planning & Recruitment) Internship PT Pertamina (Persero)","Kota Administrasi Jakarta Selatan Oil","07/01/2026 - 07/05/2026","3","23","7.67"
"9","IINTERNSHIP 2026 - PT Pertamina Patra Niaga - Investor Relation","PT Pertamina Patra Niaga - Investor Relation Internship PT Pertamina Patra Niaga","Kota Administrasi Jakarta Pusat Oil","07/01/2026 - 07/05/2026","2","16","8"
"9","IINTERNSHIP 2026 - PT Pertamina Patra Niaga - Data Strategy & Privacy Office I","PT Pertamina Patra Niaga - Data Strategy & Privacy Office I Internship PT Pertamina Patra Niaga","Kota Administrasi Jakarta Pusat Oil","07/01/2026 - 07/05/2026","1","8","8"
"16","IINTERNSHIP 2026 - PT Pertamina (Persero) - Fungsi Internal Audit (Investigation IA & WBS)","PT Pertamina (Persero) - Fungsi Internal Audit (Investigation IA & WBS) Internship PT Pertamina (Persero)","Kota Administrasi Jakarta Pusat Oil","07/01/2026 - 07/05/2026","1","8","8"
"17","IINTERNSHIP 2026 - PT Pertamina (Persero) - Fungsi SDM (Performance & Competency Management)","PT Pertamina (Persero) - Fungsi SDM (Performance & Competency Management) Internship PT Pertamina (Persero)","Kota Administrasi Jakarta Selatan Oil","07/01/2026 - 07/05/2026","1","8","8"
"18","IINTERNSHIP 2026 - PT Pertamina (Persero) - Fungsi SPPU (Performance Mgt. System and Performance Eval. & Monitoring)","PT Pertamina (Persero) - Fungsi SPPU (Performance Mgt. System and Performance Eval. & Monitoring) Internship PT Pertamina (Persero)","Kota Administrasi Jakarta Pusat Oil","07/01/2026 - 07/05/2026","1","8","8"
"20","IINTERNSHIP 2026 - PT Pertamina (Persero) - Fungsi Asset Management (Asset Operation)","PT Pertamina (Persero) - Fungsi Asset Management (Asset Operation) Internship PT Pertamina (Persero)","Kota Administrasi Jakarta Selatan Oil","07/01/2026 - 07/05/2026","2","16","8"
"23","IINTERNSHIP 2026 - PT Pertamina (Persero) - Fungsi Transformasi Keberlanjutan Bisnis (Transformation Program Intern)","PT Pertamina (Persero) - Fungsi Transformasi Keberlanjutan Bisnis (Transformation Program Intern) Internship PT Pertamina (Persero)","Kota Administrasi Jakarta Pusat Oil","07/01/2026 - 07/05/2026","1","8","8"
"26","IINTERNSHIP 2026 - PT Pertamina (Persero) - Fungsi Pertamina Digital Hub (Digital Technical Orchestration)","PT Pertamina (Persero) - Fungsi Pertamina Digital Hub (Digital Technical Orchestration) Internship PT Pertamina (Persero)","Kota Administrasi Jakarta Pusat Oil","07/01/2026 - 07/05/2026","2","16","8"
"26","IINTERNSHIP 2026 - PT Pertamina (Persero) - Fungsi Manajemen Risiko (Risk Strategy & Policy)","PT Pertamina (Persero) - Fungsi Manajemen Risiko (Risk Strategy & Policy) Internship PT Pertamina (Persero)","Kota Administrasi Jakarta Pusat Oil","07/01/2026 - 07/05/2026","1","8","8"
"28","IINTERNSHIP 2026 - PT Pertamina (Persero) - Fungsi SDM (HC Planning & Evaluation)","PT Pertamina (Persero) - Fungsi SDM (HC Planning & Evaluation) Internship PT Pertamina (Persero)","Kota Administrasi Jakarta Selatan Oil","07/01/2026 - 07/05/2026","2","17","8.5"
"15","IINTERNSHIP 2026 - PT Pertamina Patra Niaga - S&D JBT","PT Pertamina Patra Niaga - S&D JBT Internship PT Pertamina Patra Niaga","Kota Semarang Oil","07/01/2026 - 07/05/2026","1","9","9"
"15","IINTERNSHIP 2026 - PT Pertamina (Persero) - Fungsi Shared Services HC (Talent Services)","PT Pertamina (Persero) - Fungsi Shared Services HC (Talent Services) Internship PT Pertamina (Persero)","Kota Administrasi Jakarta Selatan Oil","07/01/2026 - 07/05/2026","1","9","9"
"16","IINTERNSHIP 2026 - PT Pertamina (Persero) - Fungsi SPPU (Investment Review, Investment Policy, Planning, Monitoring)","PT Pertamina (Persero) - Fungsi SPPU (Investment Review, Investment Policy, Planning, Monitoring) Internship PT Pertamina (Persero)","Kota Administrasi Jakarta Pusat Oil","07/01/2026 - 07/05/2026","1","9","9"
"18","IINTERNSHIP 2026 - PT Pertamina (Persero) - Fungsi Manajemen Risiko (Technology & Asset Integrity Risk)","PT Pertamina (Persero) - Fungsi Manajemen Risiko (Technology & Asset Integrity Risk) Internship PT Pertamina (Persero)","Kota Administrasi Jakarta Selatan Oil","07/01/2026 - 07/05/2026","1","9","9"
"23","IINTERNSHIP 2026 - PT Pertamina (Persero) - Fungsi HSSE (Strategic Planning, Management System & Culture)","PT Pertamina (Persero) - Fungsi HSSE (Strategic Planning, Management System & Culture) Internship PT Pertamina (Persero)","Kota Administrasi Jakarta Selatan Oil","07/01/2026 - 07/05/2026","1","9","9"
"26","IINTERNSHIP 2026 - PT Pertamina (Persero) - Fungsi Transformasi Keberlanjutan Bisnis (Sustainability Rating & Disclosure)","PT Pertamina (Persero) - Fungsi Transformasi Keberlanjutan Bisnis (Sustainability Rating & Disclosure) Internship PT Pertamina (Persero)","Kota Administrasi Jakarta Pusat Oil","07/01/2026 - 07/05/2026","1","9","9"
"26","IINTERNSHIP 2026 - PT Pertamina (Persero) - Fungsi Logistik & Infrastruktur (Non Fuel Supply Logistics Optimization)","PT Pertamina (Persero) - Fungsi Logistik & Infrastruktur (Non Fuel Supply Logistics Optimization) Internship PT Pertamina (Persero)","Kota Administrasi Jakarta Pusat Oil","07/01/2026 - 07/05/2026","1","9","9"
"33","IINTERNSHIP 2026 - PT Patra Jasa - Controller & Reporting (Tax Planning & Compliance)","PT Patra Jasa - Controller & Reporting (Tax Planning & Compliance) Internship PT Patra Jasa","Kota Administrasi Jakarta Selatan","07/01/2026 - 07/05/2026","1","9","9"
"18","IINTERNSHIP 2026 - PT Pertamina (Persero) - Fungsi SDM (Organization Development)","PT Pertamina (Persero) - Fungsi SDM (Organization Development) Internship PT Pertamina (Persero)","Kota Administrasi Jakarta Selatan Oil","07/01/2026 - 07/05/2026","3","28","9.33"
"18","IINTERNSHIP 2026 - PT Pertamina (Persero) - Fungsi Transformasi Keberlanjutan Bisnis (Business Optimization)","PT Pertamina (Persero) - Fungsi Transformasi Keberlanjutan Bisnis (Business Optimization) Internship PT Pertamina (Persero)","Kota Administrasi Jakarta Selatan Oil","07/01/2026 - 07/05/2026","2","19","9.5"
"20","IINTERNSHIP 2026 - PT Pertamina (Persero) - Fungsi SDM (Industrial Relation Policy)","PT Pertamina (Persero) - Fungsi SDM (Industrial Relation Policy) Internship PT Pertamina (Persero)","Kota Administrasi Jakarta Selatan Oil","07/01/2026 - 07/05/2026","2","19","9.5"
"24","IINTERNSHIP 2026 - PT Pertamina (Persero) - Fungsi Shared Services Finance (Invoice Payment Upstream & Holding)","PT Pertamina (Persero) - Fungsi Shared Services Finance (Invoice Payment Upstream & Holding) Internship PT Pertamina (Persero)","Kota Administrasi Jakarta Selatan Oil","07/01/2026 - 07/05/2026","2","19","9.5"
"29","IINTERNSHIP 2026 - PT Pertamina (Persero) - Fungsi Procurement (Procurement Governance & Sustainability)","PT Pertamina (Persero) - Fungsi Procurement (Procurement Governance & Sustainability) Internship PT Pertamina (Persero)","Kota Administrasi Jakarta Selatan Oil","07/01/2026 - 07/05/2026","2","19","9.5"
"14","IINTERNSHIP 2026 - PT Pertamina Patra Niaga - Maritime Planning, Performance & Development","PT Pertamina Patra Niaga - Maritime Planning, Performance & Development Internship PT Pertamina Patra Niaga","Kota Administrasi Jakarta Pusat Oil","07/01/2026 - 07/05/2026","1","10","10"
"19","IINTERNSHIP 2026 - PT Pertamina (Persero) - Fungsi Transformasi Keberlanjutan Bisnis (Sustainability Business)","PT Pertamina (Persero) - Fungsi Transformasi Keberlanjutan Bisnis (Sustainability Business) Internship PT Pertamina (Persero)","Kota Administrasi Jakarta Pusat Oil","07/01/2026 - 07/05/2026","1","10","10"
"27","IINTERNSHIP 2026 - PT Pertamina (Persero) - Fungsi Logistik & Infrastruktur (Integrated Quality Control)","PT Pertamina (Persero) - Fungsi Logistik & Infrastruktur (Integrated Quality Control) Internship PT Pertamina (Persero)","Kota Administrasi Jakarta Selatan Oil","07/01/2026 - 07/05/2026","1","10","10"
"27","IINTERNSHIP 2026 - PT Pertamina (Persero) - Fungsi Logistik & Infrastruktur (Supply Scheduling & Optimization)","PT Pertamina (Persero) - Fungsi Logistik & Infrastruktur (Supply Scheduling & Optimization) Internship PT Pertamina (Persero)","Kota Administrasi Jakarta Pusat Oil","07/01/2026 - 07/05/2026","1","10","10"
"29","IINTERNSHIP 2026 - PT Pertamina (Persero) - Fungsi SPPU (Business Development (PD II))","PT Pertamina (Persero) - Fungsi SPPU (Business Development (PD II)) Internship PT Pertamina (Persero)","Kota Administrasi Jakarta Pusat Oil","07/01/2026 - 07/05/2026","2","20","10"
"21","IINTERNSHIP 2026 - PT Pertamina (Persero) - Fungsi SDM (Compensation & Benefit)","PT Pertamina (Persero) - Fungsi SDM (Compensation & Benefit) Internship PT Pertamina (Persero)","Kota Administrasi Jakarta Selatan Oil","07/01/2026 - 07/05/2026","2","21","10.5"
"30","IINTERNSHIP 2026 - PT Pertamina (Persero) - Fungsi Transformasi Keberlanjutan Bisnis (Sustainability Embedment & Partnership)","PT Pertamina (Persero) - Fungsi Transformasi Keberlanjutan Bisnis (Sustainability Embedment & Partnership) Internship PT Pertamina (Persero)","Kota Administrasi Jakarta Selatan Oil","07/01/2026 - 07/05/2026","2","21","10.5"
"16","IINTERNSHIP 2026 - PT Pertamina (Persero) - Fungsi SPPU (SJV Management I & II)","PT Pertamina (Persero) - Fungsi SPPU (SJV Management I & II) Internship PT Pertamina (Persero)","Kota Administrasi Jakarta Pusat Oil","07/01/2026 - 07/05/2026","1","11","11"
"17","IINTERNSHIP 2026 - PT Pertamina (Persero) - Fungsi Asset Management (Asset Optimization)","PT Pertamina (Persero) - Fungsi Asset Management (Asset Optimization) Internship PT Pertamina (Persero)","Kota Administrasi Jakarta Selatan Oil","07/01/2026 - 07/05/2026","2","22","11"
"19","IINTERNSHIP 2026 - PT Pertamina (Persero) - Fungsi Asset Management (Asset Business Initiatives)","PT Pertamina (Persero) - Fungsi Asset Management (Asset Business Initiatives) Internship PT Pertamina (Persero)","Kota Administrasi Jakarta Selatan Oil","07/01/2026 - 07/05/2026","2","22","11"
"19","IINTERNSHIP 2026 - PT Pertamina (Persero) - Fungsi Enterprise IT (Cyber Security Intelligence & Threat Response)","PT Pertamina (Persero) - Fungsi Enterprise IT (Cyber Security Intelligence & Threat Response) Internship PT Pertamina (Persero)","Kota Administrasi Jakarta Selatan Oil","07/01/2026 - 07/05/2026","2","22","11"
"21","IINTERNSHIP 2026 - PT Pertamina (Persero) - Fungsi Keuangan (Investor Relations Strategy & Advisory)","PT Pertamina (Persero) - Fungsi Keuangan (Investor Relations Strategy & Advisory) Internship PT Pertamina (Persero)","Kota Administrasi Jakarta Pusat Oil","07/01/2026 - 07/05/2026","1","11","11"
"24","IINTERNSHIP 2026 - PT Pertamina (Persero) - Fungsi Enterprise IT (Cyber Security Strategy & Planning)","PT Pertamina (Persero) - Fungsi Enterprise IT (Cyber Security Strategy & Planning) Internship PT Pertamina (Persero)","Kota Administrasi Jakarta Selatan Oil","07/01/2026 - 07/05/2026","2","22","11"
"30","IINTERNSHIP 2026 - PT Pertamina (Persero) - Fungsi HSSE (Performance & Communication)","PT Pertamina (Persero) - Fungsi HSSE (Performance & Communication) Internship PT Pertamina (Persero)","Kota Administrasi Jakarta Selatan Oil","07/01/2026 - 07/05/2026","1","11","11"
"12","IINTERNSHIP 2026 - PT Permata Graha Nusantara - Fungsi Operation (Sales)","PT Permata Graha Nusantara - Fungsi Operation (Sales) Internship PT Perusahaan Gas Negara","Kota Administrasi Jakarta Barat Oil","07/01/2026 - 07/05/2026","1","12","12"
"16","IINTERNSHIP 2026 - PT Pertamina (Persero) - Fungsi SDM (Human Capital Business Partner I)","PT Pertamina (Persero) - Fungsi SDM (Human Capital Business Partner I) Internship PT Pertamina (Persero)","Kota Administrasi Jakarta Selatan Oil","07/01/2026 - 07/05/2026","1","12","12"
"21","IINTERNSHIP 2026 - PT Pertamina (Persero) - Fungsi Technology Innovation and Implementation (Operational Excellence)","PT Pertamina (Persero) - Fungsi Technology Innovation and Implementation (Operational Excellence) Internship PT Pertamina (Persero)","Kota Administrasi Jakarta Barat Oil","07/01/2026 - 07/05/2026","2","24","12"
"21","IINTERNSHIP 2026 - PT Pertamina (Persero) - Fungsi Manajemen Risiko (Upstream & Gas Risk Management)","PT Pertamina (Persero) - Fungsi Manajemen Risiko (Upstream & Gas Risk Management) Internship PT Pertamina (Persero)","Kota Administrasi Jakarta Selatan Oil","07/01/2026 - 07/05/2026","1","12","12"
"23","IINTERNSHIP 2026 - PT Pertamina (Persero) - Fungsi Logistik & Infrastruktur (Supply Chain Planning & Optimization)","PT Pertamina (Persero) - Fungsi Logistik & Infrastruktur (Supply Chain Planning & Optimization) Internship PT Pertamina (Persero)","Kota Administrasi Jakarta Pusat Oil","07/01/2026 - 07/05/2026","1","12","12"
"25","IINTERNSHIP 2026 - PT Pertamina (Persero) - Fungsi Technology Innovation and Implementation (CCUS Research)","PT Pertamina (Persero) - Fungsi Technology Innovation and Implementation (CCUS Research) Internship PT Pertamina (Persero)","Kota Administrasi Jakarta Barat Oil","07/01/2026 - 07/05/2026","1","12","12"
"29","IINTERNSHIP 2026 - PT Pertamina (Persero) - Fungsi Enterprise IT (IT Architecture & Governance)","PT Pertamina (Persero) - Fungsi Enterprise IT (IT Architecture & Governance) Internship PT Pertamina (Persero)","Kota Administrasi Jakarta Selatan Oil","07/01/2026 - 07/05/2026","3","37","12.33"
"8","IINTERNSHIP 2026 - PT Pertamina Patra Niaga - Aviation JBB","PT Pertamina Patra Niaga - Aviation JBB Internship PT Pertamina Patra Niaga","Kota Tangerang Oil","07/01/2026 - 07/05/2026","1","13","13"
"22","IINTERNSHIP 2026 - PT Pertamina (Persero) - Fungsi Asset Management (Land Acquisition)","PT Pertamina (Persero) - Fungsi Asset Management (Land Acquisition) Internship PT Pertamina (Persero)","Kota Administrasi Jakarta Pusat Oil","07/01/2026 - 07/05/2026","1","13","13"
"25","IINTERNSHIP 2026 - PT Pertamina (Persero) - Fungsi Technology Innovation and Implementation (Open Technology Commercial & Implementation)","PT Pertamina (Persero) - Fungsi Technology Innovation and Implementation (Open Technology Commercial & Implementation) Internship PT Pertamina (Persero)","Kota Administrasi Jakarta Barat Oil","07/01/2026 - 07/05/2026","1","13","13"
"27","IINTERNSHIP 2026 - PT Pertamina (Persero) - Fungsi SDM (HC Integration System & Analytics)","PT Pertamina (Persero) - Fungsi SDM (HC Integration System & Analytics) Internship PT Pertamina (Persero)","Kota Administrasi Jakarta Selatan Oil","07/01/2026 - 07/05/2026","1","13","13"
"31","IINTERNSHIP 2026 - PT Pertamina Power Indonesia - Fungsi SPA & Marketing","PT Pertamina Power Indonesia - Fungsi SPA & Marketing Internship PT Pertamina Power Indonesia","Kota Administrasi Jakarta Pusat Oil","07/01/2026 - 07/05/2026","1","13","13"
"37","IINTERNSHIP 2026 - PT Pertamina Trans Kontinental - Fungsi Fleet Management II (Ship Management Controller)","PT Pertamina Trans Kontinental - Fungsi Fleet Management II (Ship Management Controller) Internship PT Pertamina Trans Kontinental","Kota Administrasi Jakarta Utara Oil","07/01/2026 - 07/05/2026","1","13","13"
"38","IINTERNSHIP 2026 - PT Pertamina Trans Kontinental - Fungsi Marketing Support Shipping","PT Pertamina Trans Kontinental - Fungsi Marketing Support Shipping Internship PT Pertamina Trans Kontinental","Kota Administrasi Jakarta Utara Oil","07/01/2026 - 07/05/2026","1","13","13"
"9","IINTERNSHIP 2026 - PT Pertamina Patra Niaga - Crude & Black Oil Shipping Operation","PT Pertamina Patra Niaga - Crude & Black Oil Shipping Operation Internship PT Pertamina Patra Niaga","Kota Administrasi Jakarta Pusat Oil","07/01/2026 - 07/05/2026","1","14","14"
"11","IINTERNSHIP 2026 - PT Pertamina Patra Niaga - Investment Policy Planning & Evaluation","PT Pertamina Patra Niaga - Investment Policy Planning & Evaluation Internship PT Pertamina Patra Niaga","Kota Administrasi Jakarta Pusat Oil","07/01/2026 - 07/05/2026","1","14","14"
"26","IINTERNSHIP 2026 - PT Pertamina (Persero) - Fungsi HSSE (Occupational Safety Policy, Standard & RM)","PT Pertamina (Persero) - Fungsi HSSE (Occupational Safety Policy, Standard & RM) Internship PT Pertamina (Persero)","Kota Administrasi Jakarta Selatan Oil","07/01/2026 - 07/05/2026","1","14","14"
"28","IINTERNSHIP 2026 - PT Pertamina (Persero) - Fungsi Enterprise IT (IT Strategy & Planning)","PT Pertamina (Persero) - Fungsi Enterprise IT (IT Strategy & Planning) Internship PT Pertamina (Persero)","Kota Administrasi Jakarta Selatan Oil","07/01/2026 - 07/05/2026","1","14","14"
"30","IINTERNSHIP 2026 - PT Pertamina (Persero) - Fungsi HSSE (Process Safety Policy, Standard & RM)","PT Pertamina (Persero) - Fungsi HSSE (Process Safety Policy, Standard & RM) Internship PT Pertamina (Persero)","Kota Administrasi Jakarta Selatan Oil","07/01/2026 - 07/05/2026","1","14","14"
"32","IINTERNSHIP 2026 - PT Patra Jasa - Multi Services Management","PT Patra Jasa - Multi Services Management Internship PT Patra Jasa","Kota Administrasi Jakarta Selatan","07/01/2026 - 07/05/2026","1","14","14"
"37","IINTERNSHIP 2026 - PT Pertamina International Shipping - Fungsi Fleet Performance & Crewing Management (Crewing Performance)","PT Pertamina International Shipping - Fungsi Fleet Performance & Crewing Management (Crewing Performance) Internship PT Pertamina International Shipping","Kota Administrasi Jakarta Pusat Oil","07/01/2026 - 07/05/2026","1","14","14"
"14","IINTERNSHIP 2026 - PT Pertamina Patra Niaga - Excess Refinery Product Sales","PT Pertamina Patra Niaga - Excess Refinery Product Sales Internship PT Pertamina Patra Niaga","Kota Administrasi Jakarta Pusat Oil","07/01/2026 - 07/05/2026","1","15","15"
"17","IINTERNSHIP 2026 - PT Pertamina (Persero) - Fungsi Enterprise IT (Cyber Security Risk Audit & Control)","PT Pertamina (Persero) - Fungsi Enterprise IT (Cyber Security Risk Audit & Control) Internship PT Pertamina (Persero)","Kota Administrasi Jakarta Selatan Oil","07/01/2026 - 07/05/2026","1","15","15"
"22","IINTERNSHIP 2026 - PT Pertamina (Persero) - Fungsi Keuangan (Financial Planning & Performance Upstream)","PT Pertamina (Persero) - Fungsi Keuangan (Financial Planning & Performance Upstream) Internship PT Pertamina (Persero)","Kota Administrasi Jakarta Pusat Oil","07/01/2026 - 07/05/2026","1","15","15"
"23","IINTERNSHIP 2026 - PT Pertamina (Persero) - Fungsi Keuangan (Financial Planning & Performance Gas)","PT Pertamina (Persero) - Fungsi Keuangan (Financial Planning & Performance Gas) Internship PT Pertamina (Persero)","Kota Administrasi Jakarta Pusat Oil","07/01/2026 - 07/05/2026","1","15","15"
"37","IINTERNSHIP 2026 - PT Pertamina Trans Kontinental - Fungsi Claim, Performance & Optimization (Fleet Planning & Optimization)","PT Pertamina Trans Kontinental - Fungsi Claim, Performance & Optimization (Fleet Planning & Optimization) Internship PT Pertamina Trans Kontinental","Kota Administrasi Jakarta Utara Oil","07/01/2026 - 07/05/2026","1","15","15"
"27","IINTERNSHIP 2026 - PT Pertamina (Persero) - Fungsi Enterprise IT (Enterprise Data Management)","PT Pertamina (Persero) - Fungsi Enterprise IT (Enterprise Data Management) Internship PT Pertamina (Persero)","Kota Administrasi Jakarta Selatan Oil","07/01/2026 - 07/05/2026","4","62","15.5"
"4","IINTERNSHIP 2026 - PT Pertamina Patra Niaga - Claim & Post Fixture II","PT Pertamina Patra Niaga - Claim & Post Fixture II Internship PT Pertamina Patra Niaga","Kota Administrasi Jakarta Pusat Oil","07/01/2026 - 07/05/2026","1","16","16"
"9","IINTERNSHIP 2026 - PT Pertamina Gas - Fungsi IM (Infrastructure Management & Optimization)","PT Pertamina Gas - Fungsi IM (Infrastructure Management & Optimization) Internship PT Pertamina Gas","Kota Administrasi Jakarta Pusat Oil","07/01/2026 - 07/05/2026","1","16","16"
"15","IINTERNSHIP 2026 - PT Pertamina (Persero) - Fungsi SDM (Industrial Relation Management)","PT Pertamina (Persero) - Fungsi SDM (Industrial Relation Management) Internship PT Pertamina (Persero)","Kota Administrasi Jakarta Selatan Oil","07/01/2026 - 07/05/2026","2","32","16"
"22","IINTERNSHIP 2026 - PT Pertamina (Persero) - Fungsi Enterprise IT (Business Relation & PMO)","PT Pertamina (Persero) - Fungsi Enterprise IT (Business Relation & PMO) Internship PT Pertamina (Persero)","Kota Administrasi Jakarta Selatan Oil","07/01/2026 - 07/05/2026","4","64","16"
"24","IINTERNSHIP 2026 - PT Pertamina (Persero) - Fungsi Keuangan (Financial Planning & Performance PNRE)","PT Pertamina (Persero) - Fungsi Keuangan (Financial Planning & Performance PNRE) Internship PT Pertamina (Persero)","Kota Administrasi Jakarta Pusat Oil","07/01/2026 - 07/05/2026","1","16","16"
"37","IINTERNSHIP 2026 - PT Pertamina Trans Kontinental - Fungsi Controller (Risk Management)","PT Pertamina Trans Kontinental - Fungsi Controller (Risk Management) Internship PT Pertamina Trans Kontinental","Kota Administrasi Jakarta Utara Oil","07/01/2026 - 07/05/2026","1","16","16"
"15","IINTERNSHIP 2026 - PT Pertamina (Persero) - Fungsi Technology Innovation and Implementation (Production Research)","PT Pertamina (Persero) - Fungsi Technology Innovation and Implementation (Production Research) Internship PT Pertamina (Persero)","Kota Administrasi Jakarta Barat Oil","07/01/2026 - 07/05/2026","2","33","16.5"
"6","IINTERNSHIP 2026 - PT Pertamina Patra Niaga - Manager LPSQ/DPA","PT Pertamina Patra Niaga","Kota Administrasi Jakarta Selatan Oil","07/01/2026 - 07/05/2026","1","17","17"
"13","IINTERNSHIP 2026 - PT Pertamina Patra Niaga - Data Strategy & Privacy Office II","PT Pertamina Patra Niaga - Data Strategy & Privacy Office II Internship PT Pertamina Patra Niaga","Kota Administrasi Jakarta Pusat Oil","07/01/2026 - 07/05/2026","1","17","17"
"15","IINTERNSHIP 2026 - PT Pertamina (Persero) - Fungsi Shared Services Finance (Reporting and Data Analytics)","PT Pertamina (Persero) - Fungsi Shared Services Finance (Reporting and Data Analytics) Internship PT Pertamina (Persero)","Kota Administrasi Jakarta Selatan Oil","07/01/2026 - 07/05/2026","1","17","17"
"23","IINTERNSHIP 2026 - PT Pertamina (Persero) - Fungsi Asset Management (Land Ownership)","PT Pertamina (Persero) - Fungsi Asset Management (Land Ownership) Internship PT Pertamina (Persero)","Kota Administrasi Jakarta Selatan Oil","07/01/2026 - 07/05/2026","1","17","17"
"25","IINTERNSHIP 2026 - PT Pertamina (Persero) - Fungsi Legal Counsel (PBO)","PT Pertamina (Persero) - Fungsi Legal Counsel (PBO) Internship PT Pertamina (Persero)","Kota Administrasi Jakarta Selatan Oil","07/01/2026 - 07/05/2026","2","34","17"
"29","IINTERNSHIP 2026 - PT Pertamina (Persero) - Fungsi HSSE (HSSE Portfolio & New Business - Environment)","PT Pertamina (Persero) - Fungsi HSSE (HSSE Portfolio & New Business - Environment) Internship PT Pertamina (Persero)","Kota Administrasi Jakarta Selatan Oil","07/01/2026 - 07/05/2026","2","34","17"
"30","IINTERNSHIP 2026 - PT Pertamina (Persero) - Fungsi SDM (HSE Training Center)","PT Pertamina (Persero) - Fungsi SDM (HSE Training Center) Internship PT Pertamina (Persero)","Kota Palembang Oil","07/01/2026 - 07/05/2026","2","35","17.5"
"10","IINTERNSHIP 2026 - PT Pertamina Patra Niaga - Product Domestic II Shipping Operation","PT Pertamina Patra Niaga - Product Domestic II Shipping Operation Internship PT Pertamina Patra Niaga","Kota Administrasi Jakarta Pusat Oil","07/01/2026 - 07/05/2026","1","18","18"
"12","IINTERNSHIP 2026 - PT Pertamina Patra Niaga - Aviation Quality Assurance","PT Pertamina Patra Niaga - Aviation Quality Assurance Internship PT Pertamina Patra Niaga","Kota Administrasi Jakarta Pusat Oil","07/01/2026 - 07/05/2026","1","18","18"
"17","IINTERNSHIP 2026 - PT Pertamina (Persero) - Fungsi Logistik & Infrastruktur (Fuel Supply Logistics Optimization)","PT Pertamina (Persero) - Fungsi Logistik & Infrastruktur (Fuel Supply Logistics Optimization) Internship PT Pertamina (Persero)","Kota Administrasi Jakarta Pusat Oil","07/01/2026 - 07/05/2026","1","18","18"
"17","IINTERNSHIP 2026 - PT Pertamina (Persero) - Fungsi Legal Counsel (Legal Planning & Data Management)","PT Pertamina (Persero) - Fungsi Legal Counsel (Legal Planning & Data Management) Internship PT Pertamina (Persero)","Kota Administrasi Jakarta Selatan Oil","07/01/2026 - 07/05/2026","1","18","18"
"30","IINTERNSHIP 2026 - PT Pertamina (Persero) - Fungsi Transformasi Keberlanjutan Bisnis (Sustainability Policy & Governance)","PT Pertamina (Persero) - Fungsi Transformasi Keberlanjutan Bisnis (Sustainability Policy & Governance) Internship PT Pertamina (Persero)","Kota Administrasi Jakarta Selatan Oil","07/01/2026 - 07/05/2026","1","18","18"
"31","IINTERNSHIP 2026 - PT Nusantara Regas - Fungsi Risk Implementation","PT Nusantara Regas - Fungsi Risk Implementation Internship PT Nusantara Regas","Kota Administrasi Jakarta Pusat Oil","07/01/2026 - 07/05/2026","1","18","18"
"38","IINTERNSHIP 2026 - PT Pertamina Port & Logistics - Fungsi HC & ICT (Learning)","PT Pertamina Port & Logistics - Fungsi HC & ICT (Learning) Internship PT Pertamina Trans Kontinental","Kota Administrasi Jakarta Utara Oil","07/01/2026 - 07/05/2026","1","18","18"
"18","IINTERNSHIP 2026 - PT Pertamina (Persero) - Fungsi Legal Counsel (Compliance & Ethics)","PT Pertamina (Persero) - Fungsi Legal Counsel (Compliance & Ethics) Internship PT Pertamina (Persero)","Kota Administrasi Jakarta Selatan Oil","07/01/2026 - 07/05/2026","1","19","19"
"20","IINTERNSHIP 2026 - PT Pertamina (Persero) - Fungsi SDM (Learning Delivery)","PT Pertamina (Persero) - Fungsi SDM (Learning Delivery) Internship PT Pertamina (Persero)","Kota Administrasi Jakarta Selatan Oil","07/01/2026 - 07/05/2026","1","19","19"
"21","IINTERNSHIP 2026 - PT Pertamina (Persero) - Fungsi Logistik & Infrastruktur (PMO Downstream)","PT Pertamina (Persero) - Fungsi Logistik & Infrastruktur (PMO Downstream) Internship PT Pertamina (Persero)","Kota Administrasi Jakarta Pusat Oil","07/01/2026 - 07/05/2026","1","19","19"
"28","IINTERNSHIP 2026 - PT Pertamina (Persero) - Fungsi HSSE (HSSE Portfolio & New Business - Project & New Business)","PT Pertamina (Persero) - Fungsi HSSE (HSSE Portfolio & New Business - Project & New Business) Internship PT Pertamina (Persero)","Kota Administrasi Jakarta Selatan Oil","07/01/2026 - 07/05/2026","1","19","19"
"30","IINTERNSHIP 2026 - PT Pertamina (Persero) - Fungsi Shared Services Finance (Invoice Payment Downstream)","PT Pertamina (Persero) - Fungsi Shared Services Finance (Invoice Payment Downstream) Internship PT Pertamina (Persero)","Kota Administrasi Jakarta Selatan Oil","07/01/2026 - 07/05/2026","1","19","19"
"38","IINTERNSHIP 2026 - PT Pertamina Hulu Energi - Fungsi Upstream Business Planning & Portfolio Mgmt (Upstream Performance)","PT Pertamina Hulu Energi - Fungsi Upstream Business Planning & Portfolio Mgmt (Upstream Performance) Internship PT Pertamina Hulu Energi","Kota Administrasi Jakarta Selatan Oil","07/01/2026 - 07/05/2026","1","19","19"
"16","IINTERNSHIP 2026 - PT Pertamina (Persero) - Fungsi Logistik & Infrastruktur (Infrastucture Synergy & Optimization)","PT Pertamina (Persero) - Fungsi Logistik & Infrastruktur (Infrastucture Synergy & Optimization) Internship PT Pertamina (Persero)","Kota Administrasi Jakarta Pusat Oil","07/01/2026 - 07/05/2026","2","39","19.5"
"7","IINTERNSHIP 2026 - PT Pertamina Patra Niaga - Rel. & Project Dev. Sumbagut (CA)","PT Pertamina Patra Niaga - Rel. & Project Dev. Sumbagut (CA) Internship PT Pertamina Patra Niaga","Kota Medan Oil","07/01/2026 - 07/05/2026","1","20","20"
"13","IINTERNSHIP 2026 - PT Pertamina Gas - Fungsi Commercial Capacity & Asset","PT Pertamina Gas - Fungsi Commercial Capacity & Asset Internship PT Pertamina Gas","Kota Administrasi Jakarta Pusat Oil","07/01/2026 - 07/05/2026","1","20","20"
"17","IINTERNSHIP 2026 - PT Pertamina (Persero) - Fungsi Pertamina Digital Hub (Exception Management)","PT Pertamina (Persero) - Fungsi Pertamina Digital Hub (Exception Management) Internship PT Pertamina (Persero)","Kota Administrasi Jakarta Pusat Oil","07/01/2026 - 07/05/2026","1","20","20"
"31","IINTERNSHIP 2026 - PT Pertamina Training and Consulting - HC Management","PT Pertamina Training and Consulting - HC Management Internship PT Pertamina Training and Consulting","Kota Administrasi Jakarta Pusat","07/01/2026 - 07/05/2026","2","40","20"
"34","IINTERNSHIP 2026 - PT Pertamina Training and Consulting - Corporate Communication","PT Pertamina Training and Consulting - Corporate Communication Internship PT Pertamina Training and Consulting","Kota Administrasi Jakarta Pusat","07/01/2026 - 07/05/2026","2","40","20"
"36","IINTERNSHIP 2026 - PT Pertamina Trans Kontinental - Fungsi Marketing Support Marine & Logistics","PT Pertamina Trans Kontinental - Fungsi Marketing Support Marine & Logistics Internship PT Pertamina Trans Kontinental","Kota Administrasi Jakarta Utara Oil","07/01/2026 - 07/05/2026","1","20","20"
"19","IINTERNSHIP 2026 - PT Pertamina (Persero) - Fungsi HSSE (HSSE Portfolio & New Business - Safety)","PT Pertamina (Persero) - Fungsi HSSE (HSSE Portfolio & New Business - Safety) Internship PT Pertamina (Persero)","Kota Administrasi Jakarta Selatan Oil","07/01/2026 - 07/05/2026","2","41","20.5"
"7","IINTERNSHIP 2026 - PT Pertamina Patra Niaga - Rel. & Project Dev. Sumbagut (EE)","PT Pertamina Patra Niaga - Rel. & Project Dev. Sumbagut (EE) Internship PT Pertamina Patra Niaga","Kota Medan Oil","07/01/2026 - 07/05/2026","1","21","21"
"7","IINTERNSHIP 2026 - PT Pertamina Patra Niaga - Terminal & Channel Operation Risk","PT Pertamina Patra Niaga - Terminal & Channel Operation Risk Internship PT Pertamina Patra Niaga","Kota Administrasi Jakarta Selatan Oil","07/01/2026 - 07/05/2026","1","21","21"
"10","IINTERNSHIP 2026 - PT Pertamina Patra Niaga - IT Regional Papua-Maluku","PT Pertamina Patra Niaga - IT Regional Papua-Maluku Internship PT Pertamina Patra Niaga","Kota Jayapura Oil","07/01/2026 - 07/05/2026","1","21","21"
"11","IINTERNSHIP 2026 - PT Pertamina Patra Niaga - Performance & Facility Development","PT Pertamina Patra Niaga - Performance & Facility Development Internship PT Pertamina Patra Niaga","Kota Administrasi Jakarta Pusat Oil","07/01/2026 - 07/05/2026","1","21","21"
"11","IINTERNSHIP 2026 - PT Pertamina Patra Niaga - Fleet Operation Risk","PT Pertamina Patra Niaga - Fleet Operation Risk Internship PT Pertamina Patra Niaga","Kota Administrasi Jakarta Selatan Oil","07/01/2026 - 07/05/2026","1","21","21"
"12","IINTERNSHIP 2026 - PT Pertamina Gas - Fungsi Infrastructure Management (Asset Reliability & Integrity)","PT Pertamina Gas - Fungsi Infrastructure Management (Asset Reliability & Integrity) Internship PT Pertamina Gas","Kota Administrasi Jakarta Pusat Oil","07/01/2026 - 07/05/2026","1","21","21"
"15","IINTERNSHIP 2026 - PT Pertamina (Persero) - Fungsi Internal Audit (Audit Rel, Supp. & Sys. Information)","PT Pertamina (Persero) - Fungsi Internal Audit (Audit Rel, Supp. & Sys. Information) Internship PT Pertamina (Persero)","Kota Administrasi Jakarta Pusat Oil","07/01/2026 - 07/05/2026","1","21","21"
"15","IINTERNSHIP 2026 - PT Pertamina (Persero) - Fungsi Transformasi Keberlanjutan Bisnis (Transformation Delivery Unit)","PT Pertamina (Persero) - Fungsi Transformasi Keberlanjutan Bisnis (Transformation Delivery Unit) Internship PT Pertamina (Persero)","Kota Administrasi Jakarta Pusat Oil","07/01/2026 - 07/05/2026","1","21","21"
"25","IINTERNSHIP 2026 - PT Pertamina (Persero) - Fungsi HSSE (Assurance & Investigation)","PT Pertamina (Persero) - Fungsi HSSE (Assurance & Investigation) Internship PT Pertamina (Persero)","Kota Administrasi Jakarta Selatan Oil","07/01/2026 - 07/05/2026","1","21","21"
"28","IINTERNSHIP 2026 - PT Pertamina (Persero) - Fungsi HSSE (HSSE Center of Excellence - Health)","PT Pertamina (Persero) - Fungsi HSSE (HSSE Center of Excellence - Health) Internship PT Pertamina (Persero)","Kota Administrasi Jakarta Selatan Oil","07/01/2026 - 07/05/2026","1","21","21"
"29","IINTERNSHIP 2026 - PT Pertamina (Persero) - Fungsi Logistik & Infrastruktur (Asset Integrity Planning, Policy & Governance)","PT Pertamina (Persero) - Fungsi Logistik & Infrastruktur (Asset Integrity Planning, Policy & Governance) Internship PT Pertamina (Persero)","Kota Administrasi Jakarta Pusat Oil","07/01/2026 - 07/05/2026","1","21","21"
"34","IINTERNSHIP 2026 - PT Pertamina Geothermal","PT Pertamina Geothermal Energy Tbk - Fungsi HSSE Area Lahendong Internship PT Pertamina Geothermal Energy","Kota Tomohon Oil","07/01/2026 - 07/05/2026","1","21","21"
"33","IINTERNSHIP 2026 - Pertamina Foundation - Fungsi Pendidikan Tinggi","","Kota Administrasi Jakarta Selatan","07/01/2026 - 07/05/2026","1","21","21"
"35","IINTERNSHIP 2026 - Pertamina Foundation - Fungsi Human Capital & Business Support (Information Technology)","","Kota Administrasi Jakarta Selatan","07/01/2026 - 07/05/2026","1","21","21"
"35","IINTERNSHIP 2026 - PT Nusantara Regas - Fungsi Strategic Planning & Business Development","PT Nusantara Regas - Fungsi Strategic Planning & Business Development Internship PT Nusantara Regas","Kota Administrasi Jakarta Pusat Oil","07/01/2026 - 07/05/2026","1","21","21"
"18","IINTERNSHIP 2026 - PT Pertamina (Persero) - Fungsi Shared Services Finance (Billing & Invoice)","PT Pertamina (Persero) - Fungsi Shared Services Finance (Billing & Invoice) Internship PT Pertamina (Persero)","Kota Administrasi Jakarta Selatan Oil","07/01/2026 - 07/05/2026","2","43","21.5"
"11","IINTERNSHIP 2026 - PT Pertamina Patra Niaga - Operation Facility and Waste Management","PT Pertamina Patra Niaga - Operation Facility and Waste Management Internship PT Pertamina Patra Niaga","Kota Administrasi Jakarta Pusat Oil","07/01/2026 - 07/05/2026","1","22","22"
"24","IINTERNSHIP 2026 - PT Pertamina (Persero) - Fungsi Technology Innovation and Implementation (Drilling & Eksplorasi)","PT Pertamina (Persero) - Fungsi Technology Innovation and Implementation (Drilling & Eksplorasi) Internship PT Pertamina (Persero)","Kota Administrasi Jakarta Barat Oil","07/01/2026 - 07/05/2026","2","44","22"
"27","IINTERNSHIP 2026 - PT Pertamina (Persero) - Fungsi Shared Services Finance (Tax Accounting)","PT Pertamina (Persero) - Fungsi Shared Services Finance (Tax Accounting) Internship PT Pertamina (Persero)","Kota Administrasi Jakarta Selatan Oil","07/01/2026 - 07/05/2026","1","22","22"
"34","IINTERNSHIP 2026 - PT Nusantara Regas - Fungsi Human Capital & Business Support","PT Nusantara Regas - Fungsi Human Capital & Business Support Internship PT Nusantara Regas","Kota Administrasi Jakarta Pusat Oil","07/01/2026 - 07/05/2026","1","22","22"
"36","IINTERNSHIP 2026 - PT Pertamina International Shipping - Fungsi Controller (Financial Report)","PT Pertamina International Shipping - Fungsi Controller (Financial Report) Internship PT Pertamina International Shipping","Kota Administrasi Jakarta Pusat Oil","07/01/2026 - 07/05/2026","1","22","22"
"38","IINTERNSHIP 2026 - PT Pertamina Hulu Energi - Fungsi Corporate Secretary (LMF Strategic Plan & Controlling)","PT Pertamina Hulu Energi - Fungsi Corporate Secretary (LMF Strategic Plan & Controlling) Internship PT Pertamina Hulu Energi","Kota Administrasi Jakarta Selatan Oil","07/01/2026 - 07/05/2026","1","22","22"
"6","IINTERNSHIP 2026 - PT Pertamina Patra Niaga - S&D JBB","PT Pertamina Patra Niaga - S&D JBB Internship PT Pertamina Patra Niaga","Karawang","07/01/2026 - 07/05/2026","1","23","23"
"7","IINTERNSHIP 2026 - PT Pertamina Patra Niaga - Sustainability Business Acceleration","PT Pertamina Patra Niaga - Sustainability Business Acceleration Internship PT Pertamina Patra Niaga","Kota Administrasi Jakarta Selatan Oil","07/01/2026 - 07/05/2026","1","23","23"
"29","IINTERNSHIP 2026 - PT Pertamina (Persero) - Fungsi Technology Innovation and Implementation (Process Dev. Research)","PT Pertamina (Persero) - Fungsi Technology Innovation and Implementation (Process Dev. Research) Internship PT Pertamina (Persero)","Kota Administrasi Jakarta Barat Oil","07/01/2026 - 07/05/2026","1","23","23"
"33","IINTERNSHIP 2026 - PT Pertamina Power Indonesia - Fungsi Legal Counsel & Compliance","PT Pertamina Power Indonesia - Fungsi Legal Counsel & Compliance Internship PT Pertamina Power Indonesia","Kota Administrasi Jakarta Pusat Oil","07/01/2026 - 07/05/2026","1","23","23"
"34","IINTERNSHIP 2026 - PT Pertamina Training and Consulting - Manpower Supply Operation","PT Pertamina Training and Consulting - Manpower Supply Operation Internship PT Pertamina Training and Consulting","Kota Administrasi Jakarta Pusat","07/01/2026 - 07/05/2026","1","23","23"
"35","IINTERNSHIP 2026 - PT Patra Jasa - Corporate Finance & Risk Management","PT Patra Jasa - Corporate Finance & Risk Management Internship PT Patra Jasa","Kota Administrasi Jakarta Selatan","07/01/2026 - 07/05/2026","1","23","23"
"14","IINTERNSHIP 2026 - PT Perta Arun Gas - Fungsi Technical (Information Technology)","PT Perta Arun Gas - Fungsi Technical (Information Technology) Internship PT Pertamina Gas","Kota Lhokseumawe Oil","07/01/2026 - 07/05/2026","2","48","24"
"32","IINTERNSHIP 2026 - PT Patra Jasa - Human Capital (HC Strategy & People Management)","PT Patra Jasa - Human Capital (HC Strategy & People Management) Internship PT Patra Jasa","Kota Administrasi Jakarta Selatan","07/01/2026 - 07/05/2026","1","24","24"
"14","IINTERNSHIP 2026 - PT Pertamina Patra Niaga - HSSE Papua Maluku","PT Pertamina Patra Niaga - HSSE Papua Maluku Internship PT Pertamina Patra Niaga","Kota Jayapura Oil","07/01/2026 - 07/05/2026","2","49","24.5"
"17","IINTERNSHIP 2026 - PT Pertamina (Persero) - Fungsi HSSE (HSSE Program - Safety)","PT Pertamina (Persero) - Fungsi HSSE (HSSE Program - Safety) Internship PT Pertamina (Persero)","Kota Administrasi Jakarta Selatan Oil","07/01/2026 - 07/05/2026","1","25","25"
"26","IINTERNSHIP 2026 - PT Pertamina (Persero) - Fungsi Logistik & Infrastruktur (PMO Gas, Power & NRE)","PT Pertamina (Persero) - Fungsi Logistik & Infrastruktur (PMO Gas, Power & NRE) Internship PT Pertamina (Persero)","Kota Administrasi Jakarta Pusat Oil","07/01/2026 - 07/05/2026","1","25","25"
"32","IINTERNSHIP 2026 - Pertamina Foundation - Fungsi Corporate Secretary","","Kota Administrasi Jakarta Selatan","07/01/2026 - 07/05/2026","2","51","25.5"
"6","IINTERNSHIP 2026 - PT Pertamina Patra Niaga - Account Service Sales","PT Pertamina Patra Niaga - Account Service Sales Internship PT Pertamina Patra Niaga","Kota Administrasi Jakarta Pusat Oil","07/01/2026 - 07/05/2026","1","26","26"
"6","IINTERNSHIP 2026 - PT Pertamina Patra Niaga - Operational Risk JBB","PT Pertamina Patra Niaga - Operational Risk JBB Internship PT Pertamina Patra Niaga","Kota Administrasi Jakarta Pusat Oil","07/01/2026 - 07/05/2026","1","26","26"
"8","IINTERNSHIP 2026 - PT Pertamina Patra Niaga - Strategic Sales","PT Pertamina Patra Niaga - Strategic Sales Internship PT Pertamina Patra Niaga","Kota Administrasi Jakarta Pusat Oil","07/01/2026 - 07/05/2026","1","26","26"
"16","IINTERNSHIP 2026 - PT Pertamina (Persero) - Fungsi Asset Management (Asset Project Management Office)","PT Pertamina (Persero) - Fungsi Asset Management (Asset Project Management Office) Internship PT Pertamina (Persero)","Kota Administrasi Jakarta Selatan Oil","07/01/2026 - 07/05/2026","1","26","26"
"31","IINTERNSHIP 2026 - Pertamina Foundation - Fungsi Pemberdayaan Masyarakat (PFsains)","","Kota Administrasi Jakarta Selatan","07/01/2026 - 07/05/2026","1","26","26"
"37","IINTERNSHIP 2026 - PT Pertamina Marine Engineering - Fungsi Finance & Business Support (Tax)","PT Pertamina Marine Engineering - Fungsi Finance & Business Support (Tax) Internship PT Pertamina Trans Kontinental","Kota Administrasi Jakarta Utara Oil","07/01/2026 - 07/05/2026","1","26","26"
"8","IINTERNSHIP 2026 - PT Pertamina Patra Niaga - Manager Engineering","PT Pertamina Patra Niaga - Manager Engineering Internship PT Pertamina Patra Niaga","Indramayu","07/01/2026 - 07/05/2026","1","27","27"
"9","IINTERNSHIP 2026 - PT Pertamina Patra Niaga - Aviation Overseas Sales","PT Pertamina Patra Niaga - Aviation Overseas Sales Internship PT Pertamina Patra Niaga","Kota Administrasi Jakarta Pusat Oil","07/01/2026 - 07/05/2026","1","27","27"
"20","IINTERNSHIP 2026 - PT Pertamina (Persero) - Fungsi Asset Management (Asset Planning, Governance, and Risk Management)","PT Pertamina (Persero) - Fungsi Asset Management (Asset Planning, Governance, and Risk Management) Internship PT Pertamina (Persero)","Kota Administrasi Jakarta Pusat Oil","07/01/2026 - 07/05/2026","1","27","27"
"21","IINTERNSHIP 2026 - PT Pertamina (Persero) - Fungsi HSSE (Health Policy Standard & RM)","PT Pertamina (Persero) - Fungsi HSSE (Health Policy Standard & RM) Internship PT Pertamina (Persero)","Kota Administrasi Jakarta Selatan Oil","07/01/2026 - 07/05/2026","1","27","27"
"20","IINTERNSHIP 2026 - PT Pertamina (Persero) - Fungsi Logistik & Infrastruktur (Infrastructure Planning & System Management)","PT Pertamina (Persero) - Fungsi Logistik & Infrastruktur (Infrastructure Planning & System Management) Internship PT Pertamina (Persero)","Kota Administrasi Jakarta Pusat Oil","07/01/2026 - 07/05/2026","1","28","28"
"25","IINTERNSHIP 2026 - PT Pertamina (Persero) - Fungsi Technology Innovation and Implementation (Petrochemical & Non Fuel Research)","PT Pertamina (Persero) - Fungsi Technology Innovation and Implementation (Petrochemical & Non Fuel Research) Internship PT Pertamina (Persero)","Kota Administrasi Jakarta Barat Oil","07/01/2026 - 07/05/2026","1","28","28"
"36","IINTERNSHIP 2026 - PT Pertamina Geothermal","PT Pertamina Geothermal Energy Tbk - Fungsi HSSE Area Lumut Balai Internship PT Pertamina Geothermal Energy","Muara Enim","07/01/2026 - 07/05/2026","1","28","28"
"33","IINTERNSHIP 2026 - PT Asuransi Tugu Pratama Indonesia Tbk -","PT Asuransi Tugu Pratama Indonesia Tbk - Energy Claim Internship PT Asuransi Tugu Pratama Indonesia","Kota Administrasi Jakarta Selatan","07/01/2026 - 07/05/2026","1","28","28"
"8","IINTERNSHIP 2026 - PT Pertamina Patra Niaga - Aviation Operation","PT Pertamina Patra Niaga - Aviation Operation Internship PT Pertamina Patra Niaga","Kota Administrasi Jakarta Pusat Oil","07/01/2026 - 07/05/2026","1","29","29"
"28","IINTERNSHIP 2026 - PT Pertamina (Persero) - Fungsi Corporate Secretary (Board Governance, Policy & Corporate Administration)","PT Pertamina (Persero) - Fungsi Corporate Secretary (Board Governance, Policy & Corporate Administration) Internship PT Pertamina (Persero)","Kota Administrasi Jakarta Selatan Oil","07/01/2026 - 07/05/2026","1","29","29"
"32","IINTERNSHIP 2026 - PT Pertamina Geothermal","PT Pertamina Geothermal Energy Tbk - Fungsi Operation Area Karaha Internship PT Pertamina Geothermal Energy","Kota Tasikmalaya Oil","07/01/2026 - 07/05/2026","1","29","29"
"34","IINTERNSHIP 2026 - Pertamina Foundation - Fungsi Human Capital & Business Support (Human Capital)","","Kota Administrasi Jakarta Selatan","07/01/2026 - 07/05/2026","1","29","29"
"36","IINTERNSHIP 2026 - PT Patra Jasa - Strategi Korporasi","PT Patra Jasa - Strategi Korporasi Internship PT Patra Jasa","Kota Administrasi Jakarta Selatan","07/01/2026 - 07/05/2026","1","29","29"
"18","IINTERNSHIP 2026 - PT Pertamina (Persero) - Fungsi Keuangan (Financial Reporting)","PT Pertamina (Persero) - Fungsi Keuangan (Financial Reporting) Internship PT Pertamina (Persero)","Kota Administrasi Jakarta Pusat Oil","07/01/2026 - 07/05/2026","1","30","30"
"31","IINTERNSHIP 2026 - PT Pertamina Training and Consulting - HC Development","PT Pertamina Training and Consulting - HC Development Internship PT Pertamina Training and Consulting","Kota Administrasi Jakarta Pusat","07/01/2026 - 07/05/2026","1","30","30"
"37","IINTERNSHIP 2026 - PT Pertamina International Shipping - Fungsi Controller (Management Report & Budget Control)","PT Pertamina International Shipping - Fungsi Controller (Management Report & Budget Control) Internship PT Pertamina International Shipping","Kota Administrasi Jakarta Pusat Oil","07/01/2026 - 07/05/2026","1","30","30"
"14","IINTERNSHIP 2026 - PT Pertamina Patra Niaga - Legal RJBT","PT Pertamina Patra Niaga - Legal RJBT Internship PT Pertamina Patra Niaga","Kota Semarang Oil","07/01/2026 - 07/05/2026","1","32","32"
"22","IINTERNSHIP 2026 - PT Pertamina (Persero) - Fungsi HSSE (Environment Policy, Standard & RM)","PT Pertamina (Persero) - Fungsi HSSE (Environment Policy, Standard & RM) Internship PT Pertamina (Persero)","Kota Administrasi Jakarta Selatan Oil","07/01/2026 - 07/05/2026","1","32","32"
"24","IINTERNSHIP 2026 - PT Pertamina (Persero) - Fungsi HSSE (HSSE Portfolio & New Business - Health)","PT Pertamina (Persero) - Fungsi HSSE (HSSE Portfolio & New Business - Health) Internship PT Pertamina (Persero)","Kota Administrasi Jakarta Selatan Oil","07/01/2026 - 07/05/2026","1","32","32"
"34","IINTERNSHIP 2026 - PT Pertamina Training and Consulting - Procurement","PT Pertamina Training and Consulting - Procurement Internship PT Pertamina Training and Consulting","Kota Administrasi Jakarta Pusat","07/01/2026 - 07/05/2026","1","32","32"
"36","IINTERNSHIP 2026 - PT Pertamina International Shipping - Fungsi HSSE (Shipping Safety Assurance & Crisis Management Planning)","PT Pertamina International Shipping - Fungsi HSSE (Shipping Safety Assurance & Crisis Management Planning) Internship PT Pertamina International Shipping","Kota Administrasi Jakarta Pusat Oil","07/01/2026 - 07/05/2026","1","32","32"
"13","IINTERNSHIP 2026 - PT Pertamina Gas - Fungsi HCBS (Human Capital Operation)","PT Pertamina Gas - Fungsi HCBS (Human Capital Operation) Internship PT Pertamina Gas","Kota Administrasi Jakarta Pusat Oil","07/01/2026 - 07/05/2026","2","66","33"
"35","IINTERNSHIP 2026 - PT Pertamina Geothermal","PT Pertamina Geothermal Energy Tbk - Fungsi HSSE Area Kamojang Internship PT Pertamina Geothermal Energy Bandung","","07/01/2026 - 07/05/2026","1","33","33"
"33","IINTERNSHIP 2026 - PT Patra Jasa - Controller & Reporting (General Accounting & Verification)","PT Patra Jasa - Controller & Reporting (General Accounting & Verification) Internship PT Patra Jasa","Kota Administrasi Jakarta Selatan","07/01/2026 - 07/05/2026","1","34","34"
"25","IINTERNSHIP 2026 - PT Pertamina (Persero) - Fungsi Shared Services Project (Change Management Transition & Implementation)","PT Pertamina (Persero) - Fungsi Shared Services Project (Change Management Transition & Implementation) Internship PT Pertamina (Persero)","Kota Administrasi Jakarta Selatan Oil","07/01/2026 - 07/05/2026","1","35","35"
"38","IINTERNSHIP 2026 - PT Pertamina International Shipping - Fungsi Strategic Planning & Investment Management (Investment Management)","PT Pertamina International Shipping - Fungsi Strategic Planning & Investment Management (Investment Management) Internship PT Pertamina International Shipping","Kota Administrasi Jakarta Pusat Oil","07/01/2026 - 07/05/2026","1","35","35"
"6","IINTERNSHIP 2026 - PT Pertamina Patra Niaga - Legal Counsel","PT Pertamina Patra Niaga - Legal Counsel Internship PT Pertamina Patra Niaga","Jayapura","07/01/2026 - 07/05/2026","1","36","36"
"9","IINTERNSHIP 2026 - PT Permata Graha Nusantara - Fungsi QHSSE","PT Permata Graha Nusantara - Fungsi QHSSE Internship PT Perusahaan Gas Negara","Kota Administrasi Jakarta Barat Oil","07/01/2026 - 07/05/2026","1","36","36"
"12","IINTERNSHIP 2026 - PT Pertamina Patra Niaga - Financing","PT Pertamina Patra Niaga - Financing Internship PT Pertamina Patra Niaga","Kota Administrasi Jakarta Pusat Oil","07/01/2026 - 07/05/2026","1","36","36"
"32","IINTERNSHIP 2026 - PT Pertamina Power Indonesia - Fungsi Corporate Secretary","PT Pertamina Power Indonesia - Fungsi Corporate Secretary Internship PT Pertamina Power Indonesia","Kota Administrasi Jakarta Pusat Oil","07/01/2026 - 07/05/2026","1","36","36"
"10","IINTERNSHIP 2026 - PT Perta Arun Gas - Fungsi Human Resources Development (Human Capital Business Process)","PT Perta Arun Gas - Fungsi Human Resources Development (Human Capital Business Process) Internship PT Pertamina Gas","Kota Administrasi Jakarta Selatan Oil","07/01/2026 - 07/05/2026","2","73","36.5"
"18","IINTERNSHIP 2026 - PT Pertamina (Persero) - Fungsi Corporate Secretary (Internal Communication)","PT Pertamina (Persero) - Fungsi Corporate Secretary (Internal Communication) Internship PT Pertamina (Persero)","Kota Administrasi Jakarta Pusat Oil","07/01/2026 - 07/05/2026","2","73","36.5"
"5","IINTERNSHIP 2026 - PT Pertamina Patra Niaga - HCBP I","PT Pertamina Patra Niaga - HCBP I Internship PT Pertamina Patra Niaga","Kota Administrasi Jakarta Selatan Oil","07/01/2026 - 07/05/2026","2","76","38"
"11","IINTERNSHIP 2026 - PT Pertamina Patra Niaga - Legal Counsel Regional Sumbagut","PT Pertamina Patra Niaga - Legal Counsel Regional Sumbagut Internship PT Pertamina Patra Niaga","Kota Medan Oil","07/01/2026 - 07/05/2026","1","38","38"
"37","IINTERNSHIP 2026 - PT Pertamina International Shipping - Fungsi Operasi (Tanker Optimization, Performance & Solution)","PT Pertamina International Shipping - Fungsi Operasi (Tanker Optimization, Performance & Solution) Internship PT Pertamina International Shipping","Kota Administrasi Jakarta Pusat Oil","07/01/2026 - 07/05/2026","1","38","38"
"38","IINTERNSHIP 2026 - PT Pertamina Hulu Rokan - Fungsi Risk Management","PT Pertamina Hulu Rokan - Fungsi Risk Management Internship PT Pertamina Hulu Energi","Kota Administrasi Jakarta Selatan Oil","07/01/2026 - 07/05/2026","1","38","38"
"8","IINTERNSHIP 2026 - PT Pertamina Patra Niaga - HSSE Regional Sulawesi","PT Pertamina Patra Niaga - HSSE Regional Sulawesi Internship PT Pertamina Patra Niaga","Kota Makassar Oil","07/01/2026 - 07/05/2026","2","77","38.5"
"4","IINTERNSHIP 2026 - PT Pertamina Patra Niaga - Risk RJBT","PT Pertamina Patra Niaga - Risk RJBT Internship PT Pertamina Patra Niaga","Kota Semarang Oil","07/01/2026 - 07/05/2026","1","39","39"
"10","IINTERNSHIP 2026 - PT Permata Graha Nusantara - Fungsi Project Control and Cost Management","PT Permata Graha Nusantara - Fungsi Project Control and Cost Management Internship PT Perusahaan Gas Negara","Kota Administrasi Jakarta Barat Oil","07/01/2026 - 07/05/2026","1","40","40"
"12","IINTERNSHIP 2026 - PT Pertamina Patra Niaga - Asst. Manager safety & Environment (Stream Environment)","PT Pertamina Patra Niaga - Asst. Manager safety & Environment (Stream Environment) Internship PT Pertamina Patra Niaga","Kota Administrasi Jakarta Pusat Oil","07/01/2026 - 07/05/2026","1","40","40"
"15","IINTERNSHIP 2026 - PT Pertamina (Persero) - Fungsi Technology Innovation and Implementation (Material & Chemical Research)","PT Pertamina (Persero) - Fungsi Technology Innovation and Implementation (Material & Chemical Research) Internship PT Pertamina (Persero)","Kota Administrasi Jakarta Barat Oil","07/01/2026 - 07/05/2026","1","40","40"
"31","IINTERNSHIP 2026 - Pertamina Foundation - Fungsi Legal & Compliance","","Kota Administrasi Jakarta Selatan","07/01/2026 - 07/05/2026","1","40","40"
"12","IINTERNSHIP 2026 - PT Pertamina Patra Niaga - HC Sumbagsel","PT Pertamina Patra Niaga - HC Sumbagsel Internship PT Pertamina Patra Niaga","Kota Palembang Oil","07/01/2026 - 07/05/2026","1","41","41"
"36","IINTERNSHIP 2026 - PT Pertamina Geothermal","PT Pertamina Geothermal Energy Tbk - Fungsi Legal & Compliance Internship PT Pertamina Geothermal Energy","Kota Administrasi Jakarta Pusat Oil","07/01/2026 - 07/05/2026","1","41","41"
"33","IINTERNSHIP 2026 - PT Patra Jasa - Human Capital (HC Comben & Services)","PT Patra Jasa - Human Capital (HC Comben & Services) Internship PT Patra Jasa","Kota Administrasi Jakarta Selatan","07/01/2026 - 07/05/2026","1","41","41"
"4","IINTERNSHIP 2026 - PT Pertamina Patra Niaga - Petrochemical & Bitumen Sales","PT Pertamina Patra Niaga - Petrochemical & Bitumen Sales Internship PT Pertamina Patra Niaga","Kota Administrasi Jakarta Pusat Oil","07/01/2026 - 07/05/2026","1","42","42"
"31","IINTERNSHIP 2026 - PT Pertamina Training and Consulting - IT Network","PT Pertamina Training and Consulting - IT Network Internship PT Pertamina Training and Consulting","Kota Administrasi Jakarta Pusat","07/01/2026 - 07/05/2026","1","42","42"
"38","IINTERNSHIP 2026 - PT Pertamina EP Cepu (PEPC) - Fungsi SDM (Organization & Quality Management)","PT Pertamina EP Cepu (PEPC) - Fungsi SDM (Organization & Quality Management) Internship PT Pertamina Hulu Energi","Kota Administrasi Jakarta Selatan Oil","07/01/2026 - 07/05/2026","1","43","43"
"4","IINTERNSHIP 2026 - PT Pertamina Patra Niaga - Financial Risk & Insurances","PT Pertamina Patra Niaga - Financial Risk & Insurances Internship PT Pertamina Patra Niaga","Kota Administrasi Jakarta Pusat Oil","07/01/2026 - 07/05/2026","2","88","44"
"14","IINTERNSHIP 2026 - PT Pertamina Patra Niaga - HSSE Sumbagut","PT Pertamina Patra Niaga - HSSE Sumbagut Internship PT Pertamina Patra Niaga","Kota Medan Oil","07/01/2026 - 07/05/2026","1","44","44"
"34","IINTERNSHIP 2026 - PT Patra Jasa - Asset Management & General Affairs","PT Patra Jasa - Asset Management & General Affairs Internship PT Patra Jasa","Kota Administrasi Jakarta Selatan","07/01/2026 - 07/05/2026","1","44","44"
"36","IINTERNSHIP 2026 - PT Pertamina Training and Consulting - IT Governance","PT Pertamina Training and Consulting - IT Governance Internship PT Pertamina Training and Consulting","Kota Administrasi Jakarta Pusat","07/01/2026 - 07/05/2026","1","44","44"
"5","IINTERNSHIP 2026 - PT Pertamina Gas - Fungsi Financial Controller","PT Pertamina Gas - Fungsi Financial Controller Internship PT Pertamina Gas","Kota Administrasi Jakarta Pusat Oil","07/01/2026 - 07/05/2026","1","45","45"
"15","IINTERNSHIP 2026 - PT Pertamina (Persero) - Fungsi Technology Innovation and Implementation (Bioenergy & Fuel Development Research)","PT Pertamina (Persero) - Fungsi Technology Innovation and Implementation (Bioenergy & Fuel Development Research) Internship PT Pertamina (Persero)","Kota Administrasi Jakarta Barat Oil","07/01/2026 - 07/05/2026","1","46","46"
"37","IINTERNSHIP 2026 - PT Pertamina International Shipping - Fungsi Sustainability (Sustainability Strategy)","PT Pertamina International Shipping - Fungsi Sustainability (Sustainability Strategy) Internship PT Pertamina International Shipping","Kota Administrasi Jakarta Pusat Oil","07/01/2026 - 07/05/2026","1","46","46"
"10","IINTERNSHIP 2026 - PT Pertamina Patra Niaga - HSSE JBB","PT Pertamina Patra Niaga - HSSE JBB Internship PT Pertamina Patra Niaga","Kota Administrasi Jakarta Pusat Oil","07/01/2026 - 07/05/2026","1","47","47"
"14","IINTERNSHIP 2026 - PT Pertamina Patra Niaga - Area Manager Legal Counsel Jatimbalinus","PT Pertamina Patra Niaga - Area Manager Legal Counsel Jatimbalinus Internship PT Pertamina Patra Niaga","Kota Surabaya Oil","07/01/2026 - 07/05/2026","1","47","47"
"9","IINTERNSHIP 2026 - PT Pertamina Gas - Fungsi Corporate Finance & Tax","PT Pertamina Gas - Fungsi Corporate Finance & Tax Internship PT Pertamina Gas","Kota Administrasi Jakarta Pusat Oil","07/01/2026 - 07/05/2026","1","48","48"
"10","IINTERNSHIP 2026 - PT Pertamina Patra Niaga - Legal Counsel Project Support","PT Pertamina Patra Niaga - Legal Counsel Project Support Internship PT Pertamina Patra Niaga","Kota Administrasi Jakarta Selatan Oil","07/01/2026 - 07/05/2026","1","48","48"
"5","IINTERNSHIP 2026 - PT Pertamina Patra Niaga - Promotion, Dealership, & Business Support","PT Pertamina Patra Niaga - Promotion, Dealership, & Business Support Internship PT Pertamina Patra Niaga","Kota Administrasi Jakarta Pusat Oil","07/01/2026 - 07/05/2026","1","49","49"
"28","IINTERNSHIP 2026 - PT Pertamina (Persero) - Fungsi Asset Management (Data & Archive Management)","PT Pertamina (Persero) - Fungsi Asset Management (Data & Archive Management) Internship PT Pertamina (Persero)","Kota Administrasi Jakarta Selatan Oil","07/01/2026 - 07/05/2026","1","49","49"
"14","IINTERNSHIP 2026 - PT Pertamina Patra Niaga - IA Region V","PT Pertamina Patra Niaga - IA Region V Internship PT Pertamina Patra Niaga","Kota Surabaya Oil","07/01/2026 - 07/05/2026","1","50","50"
"36","IINTERNSHIP 2026 - PT Pertamina International Shipping - Fungsi Digitalization & Business Transformation (Digitalization & Innovation)","PT Pertamina International Shipping - Fungsi Digitalization & Business Transformation (Digitalization & Innovation) Internship PT Pertamina International Shipping","Kota Administrasi Jakarta Pusat Oil","07/01/2026 - 07/05/2026","1","50","50"
"5","IINTERNSHIP 2026 - PT Pertamina Patra Niaga - Fungsi Perf. Gov. & Data Mgmt","PT Pertamina Patra Niaga - Fungsi Perf. Gov. & Data Mgmt Internship PT Pertamina Patra Niaga","Kota Administrasi Jakarta Selatan Oil","07/01/2026 - 07/05/2026","1","52","52"
"17","IINTERNSHIP 2026 - PT Pertamina (Persero) - Fungsi Corporate Secretary (BOD Office)","PT Pertamina (Persero) - Fungsi Corporate Secretary (BOD Office) Internship PT Pertamina (Persero)","Kota Administrasi Jakarta Pusat Oil","07/01/2026 - 07/05/2026","1","52","52"
"4","IINTERNSHIP 2026 - PT Pertamina Patra Niaga - Intercompany Sales","PT Pertamina Patra Niaga - Intercompany Sales Internship PT Pertamina Patra Niaga","Kota Administrasi Jakarta Pusat Oil","07/01/2026 - 07/05/2026","1","53","53"
"35","IINTERNSHIP 2026 - PT Nusantara Regas - Fungsi Operation","PT Nusantara Regas - Fungsi Operation Internship PT Nusantara Regas","Kota Administrasi Jakarta Pusat Oil","07/01/2026 - 07/05/2026","1","53","53"
"24","IINTERNSHIP 2026 - PT Pertamina (Persero) - Fungsi Corporate Secretary (Media Communication)","PT Pertamina (Persero) - Fungsi Corporate Secretary (Media Communication) Internship PT Pertamina (Persero)","Kota Administrasi Jakarta Pusat Oil","07/01/2026 - 07/05/2026","1","54","54"
"37","IINTERNSHIP 2026 - PT Pertamina International Shipping - Fungsi Procurement & Asset Management (Procurement)","PT Pertamina International Shipping - Fungsi Procurement & Asset Management (Procurement) Internship PT Pertamina International Shipping","Kota Administrasi Jakarta Pusat Oil","07/01/2026 - 07/05/2026","1","55","55"
"5","IINTERNSHIP 2026 - PT Pertamina Gas - Fungsi Financial Controller (Accounting & Reporting)","PT Pertamina Gas - Fungsi Financial Controller (Accounting & Reporting) Internship PT Pertamina Gas","Kota Administrasi Jakarta Pusat Oil","07/01/2026 - 07/05/2026","1","56","56"
"12","IINTERNSHIP 2026 - PT Pertamina Patra Niaga - Talent Acquisition & Learning","PT Pertamina Patra Niaga - Talent Acquisition & Learning Internship PT Pertamina Patra Niaga","Kota Administrasi Jakarta Selatan Oil","07/01/2026 - 07/05/2026","1","56","56"
"13","IINTERNSHIP 2026 - PT Pertamina (Persero) - Fungsi HSSE Jatimbalinus","PT Pertamina (Persero) - Fungsi HSSE Jatimbalinus Internship PT Pertamina Patra Niaga","Kota Surabaya Oil","07/01/2026 - 07/05/2026","1","56","56"
"10","IINTERNSHIP 2026 - PT Pertamina Gas - Fungsi Facilities Management","PT Pertamina Gas - Fungsi Facilities Management Internship PT Pertamina Gas","Kota Administrasi Jakarta Pusat Oil","07/01/2026 - 07/05/2026","1","58","58"
"11","IINTERNSHIP 2026 - PT Pertamina Patra Niaga - IT Kalimantan","PT Pertamina Patra Niaga - IT Kalimantan Internship PT Pertamina Patra Niaga","Kota Balikpapan Oil","07/01/2026 - 07/05/2026","1","58","58"
"39","IINTERNSHIP 2026 - PT Pertamina Internasional EP - Fungsi Business Support Human Capital","PT Pertamina Internasional EP - Fungsi Business Support Human Capital Internship PT Pertamina Hulu Energi","Kota Administrasi Jakarta Selatan Oil","07/01/2026 - 07/05/2026","1","58","58"
"4","IINTERNSHIP 2026 - PT Pertamina Patra Niaga - Aviasi","PT Pertamina Patra Niaga - Aviasi Internship PT Pertamina Patra Niaga","Jayapura","07/01/2026 - 07/05/2026","1","59","59"
"6","IINTERNSHIP 2026 - PT Perta Arun Gas - Fungsi Technical (Technical & Service)","PT Perta Arun Gas - Fungsi Technical (Technical & Service) Internship PT Pertamina Gas","Kota Lhokseumawe Oil","07/01/2026 - 07/05/2026","2","118","59"
"6","IINTERNSHIP 2026 - PT Pertamina Patra Niaga - HC Sulawesi","PT Pertamina Patra Niaga - HC Sulawesi Internship PT Pertamina Patra Niaga","Kota Makassar Oil","07/01/2026 - 07/05/2026","1","59","59"
"8","IINTERNSHIP 2026 - PT Pertamina Patra Niaga - Manager Health & Medical Services","PT Pertamina Patra Niaga - Manager Health & Medical Services Internship PT Pertamina Patra Niaga","Kota Administrasi Jakarta Selatan Oil","07/01/2026 - 07/05/2026","1","59","59"
"9","IINTERNSHIP 2026 - PT Pertamina Patra Niaga - Legal Counsel Regional JBB","PT Pertamina Patra Niaga - Legal Counsel Regional JBB Internship PT Pertamina Patra Niaga","Kota Administrasi Jakarta Selatan Oil","07/01/2026 - 07/05/2026","1","59","59"
"39","IINTERNSHIP 2026 - PT Pertamina Hulu Energi - Fungsi Controller (Finance Policy & Assurance)","PT Pertamina Hulu Energi - Fungsi Controller (Finance Policy & Assurance) Internship PT Pertamina Hulu Energi","Kota Administrasi Jakarta Selatan Oil","07/01/2026 - 07/05/2026","1","61","61"
"4","IINTERNSHIP 2026 - PT Pertamina Gas - Fungsi HC Policy & BP","PT Pertamina Gas - Fungsi HC Policy & BP Internship PT Pertamina Gas","Kota Administrasi Jakarta Pusat Oil","07/01/2026 - 07/05/2026","2","123","61.5"
"7","IINTERNSHIP 2026 - PT Pertamina Patra Niaga - Fungsi Legal Counsel Business Dev. & Strategic Partnership","PT Pertamina Patra Niaga - Fungsi Legal Counsel Business Dev. & Strategic Partnership Internship PT Pertamina Patra Niaga","Kota Administrasi Jakarta Selatan Oil","07/01/2026 - 07/05/2026","1","62","62"
"39","IINTERNSHIP 2026 - PT Pertamina Hulu Energi - Fungsi Corporate Secretary (Board Support & Planning)","PT Pertamina Hulu Energi - Fungsi Corporate Secretary (Board Support & Planning) Internship PT Pertamina Hulu Energi","Kota Administrasi Jakarta Selatan Oil","07/01/2026 - 07/05/2026","1","62","62"
"40","IINTERNSHIP 2026 - PT Pertamina Hulu Energi - Fungsi Subsurface Development & Resources Eval (Subsurface Development)","PT Pertamina Hulu Energi - Fungsi Subsurface Development & Resources Eval (Subsurface Development) Internship PT Pertamina Hulu Energi","Kota Administrasi Jakarta Selatan Oil","07/01/2026 - 07/05/2026","2","124","62"
"34","IINTERNSHIP 2026 - Pertamina Foundation - Fungsi Pemberdayaan Masyarakat (PFprestasi)","","Kota Administrasi Jakarta Selatan","07/01/2026 - 07/05/2026","2","125","62.5"
"3","IINTERNSHIP 2026 - PT Pertamina Patra Niaga - Retail Sales Kalimantan","PT Pertamina Patra Niaga - Retail Sales Kalimantan Internship PT Pertamina Patra Niaga","Kota Balikpapan Oil","07/01/2026 - 07/05/2026","2","127","63.5"
"36","IINTERNSHIP 2026 - PT Pertamina International Shipping - Fungsi HSSE (Health)","PT Pertamina International Shipping - Fungsi HSSE (Health) Internship PT Pertamina International Shipping","Kota Administrasi Jakarta Pusat Oil","07/01/2026 - 07/05/2026","1","64","64"
"39","IINTERNSHIP 2026 - PT Pertamina Hulu Energi - Fungsi Human Capital (Human Capital Services)","PT Pertamina Hulu Energi - Fungsi Human Capital (Human Capital Services) Internship PT Pertamina Hulu Energi","Kota Administrasi Jakarta Selatan Oil","07/01/2026 - 07/05/2026","2","128","64"
"38","IINTERNSHIP 2026 - PT Pertamina EP Cepu (PEPC) - Fungsi HSSE","PT Pertamina EP Cepu (PEPC) - Fungsi HSSE Internship PT Pertamina Hulu Energi","Kota Administrasi Jakarta Selatan Oil","07/01/2026 - 07/05/2026","1","65","65"
"2","IINTERNSHIP 2026 - PT Pertamina Patra Niaga - HSSE Sumbagut (Security)","PT Pertamina Patra Niaga - HSSE Sumbagut (Security) Internship PT Pertamina Patra Niaga","Kota Medan Oil","07/01/2026 - 07/05/2026","1","66","66"
"39","IINTERNSHIP 2026 - PT Pertamina Hulu Energi - Fungsi Legal Counsel (Legal Counsel Corp. Matters & BS)","PT Pertamina Hulu Energi - Fungsi Legal Counsel (Legal Counsel Corp. Matters & BS) Internship PT Pertamina Hulu Energi","Kota Administrasi Jakarta Selatan Oil","07/01/2026 - 07/05/2026","1","67","67"
"33","IINTERNSHIP 2026 - Pertamina Foundation - Fungsi Pemberdayaan Masyarakat (PFbangkit)","","Kota Administrasi Jakarta Selatan","07/01/2026 - 07/05/2026","1","68","68"
"7","IINTERNSHIP 2026 - PT Pertamina Patra Niaga - HC RJBT","PT Pertamina Patra Niaga - HC RJBT Internship PT Pertamina Patra Niaga","Kota Semarang Oil","07/01/2026 - 07/05/2026","1","69","69"
"7","IINTERNSHIP 2026 - PT Pertamina Patra Niaga - RU VI Balongan","PT Pertamina Patra Niaga - RU VI Balongan Internship PT Pertamina Patra Niaga","Indramayu","07/01/2026 - 07/05/2026","1","70","70"
"13","IINTERNSHIP 2026 - PT Pertamina Patra Niaga - RU IV Cilacap","PT Pertamina Patra Niaga - RU IV Cilacap Internship PT Pertamina Patra Niaga Cilacap","","07/01/2026 - 07/05/2026","1","70","70"
"10","IINTERNSHIP 2026 - PT Pertamina Patra Niaga - Asst.Manager Health","PT Pertamina Patra Niaga - Asst.Manager Health Internship PT Pertamina Patra Niaga","Kota Administrasi Jakarta Pusat Oil","07/01/2026 - 07/05/2026","1","71","71"
"39","IINTERNSHIP 2026 - PT Pertamina Hulu Energi - Fungsi Human Capital (Human Capital Strategic)","PT Pertamina Hulu Energi - Fungsi Human Capital (Human Capital Strategic) Internship PT Pertamina Hulu Energi","Kota Administrasi Jakarta Selatan Oil","07/01/2026 - 07/05/2026","1","71","71"
"3","IINTERNSHIP 2026 - PT Pertamina Patra Niaga - Claim & Post Fixture I","PT Pertamina Patra Niaga - Claim & Post Fixture I Internship PT Pertamina Patra Niaga","Kota Administrasi Jakarta Pusat Oil","07/01/2026 - 07/05/2026","1","74","74"
"13","IINTERNSHIP 2026 - PT Permata Graha Nusantara - Fungsi Engineering and Construction","PT Permata Graha Nusantara - Fungsi Engineering and Construction Internship PT Perusahaan Gas Negara","Kota Administrasi Jakarta Barat Oil","07/01/2026 - 07/05/2026","1","78","78"
"12","IINTERNSHIP 2026 - PT Gagas Energi Indonesia - Fungsi IT Infrastructure and Network Management","PT Gagas Energi Indonesia - Fungsi IT Infrastructure and Network Management Internship PT Perusahaan Gas Negara","Kota Administrasi Jakarta Barat Oil","07/01/2026 - 07/05/2026","1","81","81"
"39","IINTERNSHIP 2026 - PT Pertamina Hulu Energi - Fungsi Corporate Secretary (Corporate Social Responsibility)","PT Pertamina Hulu Energi - Fungsi Corporate Secretary (Corporate Social Responsibility) Internship PT Pertamina Hulu Energi","Kota Administrasi Jakarta Selatan Oil","07/01/2026 - 07/05/2026","1","83","83"
"2","IINTERNSHIP 2026 - PT Permata Graha Nusantara - Fungsi Business Strategy","PT Permata Graha Nusantara - Fungsi Business Strategy Internship PT Perusahaan Gas Negara","Kota Administrasi Jakarta Barat Oil","07/01/2026 - 07/05/2026","1","84","84"
"40","IINTERNSHIP 2026 - PT Pertamina Hulu Energi - Fungsi D&P Technical Excellence & Coordination (Reservoir & Production)","PT Pertamina Hulu Energi - Fungsi D&P Technical Excellence & Coordination (Reservoir & Production) Internship PT Pertamina Hulu Energi","Kota Administrasi Jakarta Selatan Oil","07/01/2026 - 07/05/2026","1","84","84"
"1","IINTERNSHIP 2026 - PT Pertamina Patra Niaga - NBD Investment Assurance","PT Pertamina Patra Niaga - NBD Investment Assurance Internship PT Pertamina Patra Niaga","Kota Administrasi Jakarta Pusat Oil","07/01/2026 - 07/05/2026","1","85","85"
"11","IINTERNSHIP 2026 - PT Pertamina Patra Niaga - RU III Plaju","PT Pertamina Patra Niaga - RU III Plaju Internship PT Pertamina Patra Niaga","Kota Palembang Oil","07/01/2026 - 07/05/2026","1","85","85"
"3","IINTERNSHIP 2026 - PT Pertamina Gas - Fungsi Financial Controller (Financial Policy & Internal Control)","PT Pertamina Gas - Fungsi Financial Controller (Financial Policy & Internal Control) Internship PT Pertamina Gas","Kota Administrasi Jakarta Pusat Oil","07/01/2026 - 07/05/2026","1","86","86"
"11","IINTERNSHIP 2026 - PT Pertamina Gas - Fungsi Corporate Secretary (CSR)","PT Pertamina Gas - Fungsi Corporate Secretary (CSR) Internship PT Pertamina Gas","Kota Administrasi Jakarta Pusat Oil","07/01/2026 - 07/05/2026","1","86","86"
"38","IINTERNSHIP 2026 - PT Pertamina Hulu Energi - Fungsi Information Technology (IT Planning Gov. & Security)","PT Pertamina Hulu Energi - Fungsi Information Technology (IT Planning Gov. & Security) Internship PT Pertamina Hulu Energi","Kota Administrasi Jakarta Selatan Oil","07/01/2026 - 07/05/2026","1","87","87"
"7","IINTERNSHIP 2026 - PT Pertamina Patra Niaga - Legal Counsel Reg.Sumbagsel","PT Pertamina Patra Niaga - Legal Counsel Reg.Sumbagsel Internship PT Pertamina Patra Niaga","Kota Palembang Oil","07/01/2026 - 07/05/2026","1","88","88"
"6","IINTERNSHIP 2026 - PT Pertamina Patra Niaga - Legal Counsel Lit. General Crime","PT Pertamina Patra Niaga - Legal Counsel Lit. General Crime Internship PT Pertamina Patra Niaga","Kota Administrasi Jakarta Pusat Oil","07/01/2026 - 07/05/2026","1","89","89"
"6","IINTERNSHIP 2026 - PT Pertamina Gas - Fungsi Marketing & Commercial Product","PT Pertamina Gas - Fungsi Marketing & Commercial Product Internship PT Pertamina Gas","Kota Administrasi Jakarta Pusat Oil","07/01/2026 - 07/05/2026","1","90","90"
"35","IINTERNSHIP 2026 - Pertamina Foundation - Fungsi Pemberdayaan Masyarakat (PFmuda)","","Kota Administrasi Jakarta Selatan","07/01/2026 - 07/05/2026","1","91","91"
"3","IINTERNSHIP 2026 - PT Pertamina Patra Niaga - Manager Onshore & Offshore Project I","PT Pertamina Patra Niaga - Manager Onshore & Offshore Project I Internship PT Pertamina Patra Niaga","Kota Administrasi Jakarta Selatan Oil","07/01/2026 - 07/05/2026","1","93","93"
"3","IINTERNSHIP 2026 - PT Perta Arun Gas - Fungsi Business Development (Business Management)","PT Perta Arun Gas - Fungsi Business Development (Business Management) Internship PT Pertamina Gas","Kota Administrasi Jakarta Selatan Oil","07/01/2026 - 07/05/2026","2","190","95"
"12","IINTERNSHIP 2026 - PT Gagas Energi Indonesia - Fungsi Operation and Maintenance SOR I","PT Gagas Energi Indonesia - Fungsi Operation and Maintenance SOR I Internship PT Perusahaan Gas Negara","Kota Bekasi Oil","07/01/2026 - 07/05/2026","1","96","96"
"7","IINTERNSHIP 2026 - PT Pertamina Patra Niaga - Sales Administration & Contract","PT Pertamina Patra Niaga - Sales Administration & Contract Internship PT Pertamina Patra Niaga","Kota Administrasi Jakarta Pusat Oil","07/01/2026 - 07/05/2026","1","98","98"
"4","IINTERNSHIP 2026 - PT Pertamina Gas - Fungsi HSSE","PT Pertamina Gas - Fungsi HSSE Internship PT Pertamina Gas","Kota Administrasi Jakarta Pusat Oil","07/01/2026 - 07/05/2026","1","99","99"
"14","IINTERNSHIP 2026 - PT Pertamina Patra Niaga - NFR Management","PT Pertamina Patra Niaga - NFR Management Internship PT Pertamina Patra Niaga","Kota Administrasi Jakarta Pusat Oil","07/01/2026 - 07/05/2026","2","203","101.5"
"8","IINTERNSHIP 2026 - PT Pertamina Patra Niaga - HSSE Sumbagsel","PT Pertamina Patra Niaga - HSSE Sumbagsel Internship PT Pertamina Patra Niaga","Kota Palembang Oil","07/01/2026 - 07/05/2026","1","102","102"
"8","IINTERNSHIP 2026 - PT Permata Graha Nusantara - Fungsi Finance","PT Permata Graha Nusantara - Fungsi Finance Internship PT Perusahaan Gas Negara","Kota Administrasi Jakarta Barat Oil","07/01/2026 - 07/05/2026","1","105","105"
"11","IINTERNSHIP 2026 - PT Pertamina Patra Niaga - Sr Manager R&P","PT Pertamina Patra Niaga - Sr Manager R&P","Dumai","07/01/2026 - 07/05/2026","1","105","105"
"2","IINTERNSHIP 2026 - PT Pertamina Patra Niaga - Manager Onshore & Offshore Project II","PT Pertamina Patra Niaga - Manager Onshore & Offshore Project II Internship PT Pertamina Patra Niaga","Kota Administrasi Jakarta Selatan Oil","07/01/2026 - 07/05/2026","1","106","106"
"5","IINTERNSHIP 2026 - PT Pertamina Patra Niaga - Supply & Distribution Regional Sulawesi","PT Pertamina Patra Niaga - Supply & Distribution Regional Sulawesi Internship PT Pertamina Patra Niaga","Kota Makassar Oil","07/01/2026 - 07/05/2026","2","219","109.5"
"5","IINTERNSHIP 2026 - PT Pertamina Patra Niaga - Sustainability Strategy & Program","PT Pertamina Patra Niaga - Sustainability Strategy & Program Internship PT Pertamina Patra Niaga","Kota Administrasi Jakarta Selatan Oil","07/01/2026 - 07/05/2026","1","112","112"
"5","IINTERNSHIP 2026 - PT Pertamina Patra Niaga - Operational Risk Kalimantan","PT Pertamina Patra Niaga - Operational Risk Kalimantan Internship PT Pertamina Patra Niaga","Kota Balikpapan Oil","07/01/2026 - 07/05/2026","1","114","114"
"9","IINTERNSHIP 2026 - PT Gagas Energi Indonesia - Fungsi Organization and People Management","PT Gagas Energi Indonesia - Fungsi Organization and People Management Internship PT Perusahaan Gas Negara","Kota Administrasi Jakarta Barat Oil","07/01/2026 - 07/05/2026","1","114","114"
"3","IINTERNSHIP 2026 - PT Pertamina Patra Niaga - Aviation Domestic Sales","PT Pertamina Patra Niaga - Aviation Domestic Sales Internship PT Pertamina Patra Niaga","Kota Administrasi Jakarta Pusat Oil","07/01/2026 - 07/05/2026","1","118","118"
"39","IINTERNSHIP 2026 - PT Pertamina Hulu Energi - Fungsi Drilling & Well Intervention (DWI Engineering)","PT Pertamina Hulu Energi - Fungsi Drilling & Well Intervention (DWI Engineering) Internship PT Pertamina Hulu Energi","Kota Administrasi Jakarta Selatan Oil","07/01/2026 - 07/05/2026","1","120","120"
"3","IINTERNSHIP 2026 - PT Pertamina (Persero) - Fungsi Distribution Reliability & Engineering Jatimbalinus","PT Pertamina (Persero) - Fungsi Distribution Reliability & Engineering Jatimbalinus Internship PT Pertamina Patra Niaga","Kota Surabaya Oil","07/01/2026 - 07/05/2026","1","121","121"
"8","IINTERNSHIP 2026 - PT Gagas Energi Indonesia - Fungsi Operation and Maintenance SOR II","PT Gagas Energi Indonesia - Fungsi Operation and Maintenance SOR II Internship PT Perusahaan Gas Negara","Kota Surabaya Oil","07/01/2026 - 07/05/2026","1","129","129"
"3","IINTERNSHIP 2026 - PT Pertamina Patra Niaga - Fungsi S&D Jatimbalinus","PT Pertamina Patra Niaga - Fungsi S&D Jatimbalinus Internship PT Pertamina Patra Niaga","Kota Surabaya Oil","07/01/2026 - 07/05/2026","1","130","130"
"1","IINTERNSHIP 2026 - PT Gagas Energi Indonesia - Fungsi Treasury","PT Gagas Energi Indonesia - Fungsi Treasury Internship PT Perusahaan Gas Negara","Kota Administrasi Jakarta Barat Oil","07/01/2026 - 07/05/2026","2","266","133"
"2","IINTERNSHIP 2026 - PT Pertamina Patra Niaga - Retail Perfomance Management","PT Pertamina Patra Niaga - Retail Perfomance Management Internship PT Pertamina Patra Niaga","Kota Administrasi Jakarta Pusat Oil","07/01/2026 - 07/05/2026","2","277","138.5"
"2","IINTERNSHIP 2026 - PT Pertamina (Persero) - Fungsi Corporate Sales Jatimbalinus","PT Pertamina (Persero) - Fungsi Corporate Sales Jatimbalinus Internship PT Pertamina Patra Niaga","Kota Surabaya Oil","07/01/2026 - 07/05/2026","1","139","139"
"10","IINTERNSHIP 2026 - PT Pertamina Patra Niaga - Retail Sales Sumbagsel","PT Pertamina Patra Niaga - Retail Sales Sumbagsel Internship PT Pertamina Patra Niaga","Kota Palembang Oil","07/01/2026 - 07/05/2026","1","144","144"
"39","IINTERNSHIP 2026 - PT Pertamina Hulu Rokan - Fungsi HSSE (Safety)","PT Pertamina Hulu Rokan - Fungsi HSSE (Safety) Internship PT Pertamina Hulu Energi","Kota Administrasi Jakarta Selatan Oil","07/01/2026 - 07/05/2026","1","147","147"
"2","IINTERNSHIP 2026 - PT Permata Graha Nusantara - Fungsi Operation (Fleet Management)","PT Permata Graha Nusantara - Fungsi Operation (Fleet Management) Internship PT Perusahaan Gas Negara","Kota Administrasi Jakarta Barat Oil","07/01/2026 - 07/05/2026","1","161","161"
"1","IINTERNSHIP 2026 - PT Perta Arun Gas - Fungsi Finance (Tax)","PT Perta Arun Gas - Fungsi Finance (Tax) Internship PT Pertamina Gas","Kota Lhokseumawe Oil","07/01/2026 - 07/05/2026","2","323","161.5"
"1","IINTERNSHIP 2026 - PT Perta Arun Gas - Fungsi Business Planning & Portfolio (Risk)","PT Perta Arun Gas - Fungsi Business Planning & Portfolio (Risk) Internship PT Pertamina Gas","Kota Administrasi Jakarta Selatan Oil","07/01/2026 - 07/05/2026","2","360","180"
"2","IINTERNSHIP 2026 - PT Pertamina Patra Niaga - HSSE RJBT","PT Pertamina Patra Niaga - HSSE RJBT Internship PT Pertamina Patra Niaga","Kota Semarang Oil","07/01/2026 - 07/05/2026","1","191","191"
"5","IINTERNSHIP 2026 - PT Permata Graha Nusantara - Fungsi Human Capital","PT Permata Graha Nusantara - Fungsi Human Capital Internship PT Perusahaan Gas Negara","Kota Administrasi Jakarta Barat Oil","07/01/2026 - 07/05/2026","1","199","199"
"2","IINTERNSHIP 2026 - PT Pertamina Patra Niaga - HC Kalimantan","PT Pertamina Patra Niaga - HC Kalimantan Internship PT Pertamina Patra Niaga","Kota Balikpapan Oil","07/01/2026 - 07/05/2026","1","229","229"
"2","IINTERNSHIP 2026 - PT Pertamina Gas - Fungsi Internal Audit","PT Pertamina Gas - Fungsi Internal Audit Internship PT Pertamina Gas","Kota Administrasi Jakarta Pusat Oil","07/01/2026 - 07/05/2026","1","284","284"
"4","IINTERNSHIP 2026 - PT Gagas Energi Indonesia - Fungsi IT Development","PT Gagas Energi Indonesia - Fungsi IT Development Internship PT Perusahaan Gas Negara","Kota Administrasi Jakarta Barat Oil","07/01/2026 - 07/05/2026","1","296","296"
"1","IINTERNSHIP 2026 - PT Permata Graha Nusantara - Fungsi Procurement","PT Permata Graha Nusantara - Fungsi Procurement Internship PT Perusahaan Gas Negara","Kota Administrasi Jakarta Barat Oil","07/01/2026 - 07/05/2026","1","331","331"
"1","IINTERNSHIP 2026 - PT Permata Graha Nusantara - Fungsi Operation (Asset Management)","PT Permata Graha Nusantara - Fungsi Operation (Asset Management) Internship PT Perusahaan Gas Negara","Kota Administrasi Jakarta Barat Oil","07/01/2026 - 07/05/2026","1","335","335"
"3","IINTERNSHIP 2026 - PT Pertamina Patra Niaga - RU II","PT Pertamina Patra Niaga - RU II","Dumai","07/01/2026 - 07/05/2026","1","343","343"
"1","IINTERNSHIP 2026 - PT Pertamina Patra Niaga - Legal Counsel Lit. Special Crime","PT Pertamina Patra Niaga - Legal Counsel Lit. Special Crime Internship PT Pertamina Patra Niaga","Kota Administrasi Jakarta Pusat Oil","07/01/2026 - 07/05/2026","1","459","459"
"1","IINTERNSHIP 2026 - PT Pertamina Patra Niaga - Corporate Planning, Performance & Gov.","PT Pertamina Patra Niaga - Corporate Planning, Performance & Gov. Internship PT Pertamina Patra Niaga","Kota Administrasi Jakarta Pusat Oil","07/01/2026 - 07/05/2026","1","570","570"
"1","IINTERNSHIP 2026 - PT Pertamina Gas - Fungsi Corporate Secretary (Communication Relations)","PT Pertamina Gas - Fungsi Corporate Secretary (Communication Relations) Internship PT Pertamina Gas","Kota Administrasi Jakarta Pusat Oil","07/01/2026 - 07/05/2026","1","699","699"